--
-- PostgreSQL database dump
--

-- Dumped from database version 15.13
-- Dumped by pg_dump version 15.13

SET statement_timeout = 0;
SET lock_timeout = 0;
SET idle_in_transaction_session_timeout = 0;
SET client_encoding = 'UTF8';
SET standard_conforming_strings = on;
SELECT pg_catalog.set_config('search_path', '', false);
SET check_function_bodies = false;
SET xmloption = content;
SET client_min_messages = warning;
SET row_security = off;

SET default_tablespace = '';

SET default_table_access_method = heap;

--
-- Name: auth_group; Type: TABLE; Schema: public; Owner: postgres
--

CREATE TABLE public.auth_group (
    id integer NOT NULL,
    name character varying(150) NOT NULL
);


ALTER TABLE public.auth_group OWNER TO postgres;

--
-- Name: auth_group_id_seq; Type: SEQUENCE; Schema: public; Owner: postgres
--

ALTER TABLE public.auth_group ALTER COLUMN id ADD GENERATED BY DEFAULT AS IDENTITY (
    SEQUENCE NAME public.auth_group_id_seq
    START WITH 1
    INCREMENT BY 1
    NO MINVALUE
    NO MAXVALUE
    CACHE 1
);


--
-- Name: auth_group_permissions; Type: TABLE; Schema: public; Owner: postgres
--

CREATE TABLE public.auth_group_permissions (
    id bigint NOT NULL,
    group_id integer NOT NULL,
    permission_id integer NOT NULL
);


ALTER TABLE public.auth_group_permissions OWNER TO postgres;

--
-- Name: auth_group_permissions_id_seq; Type: SEQUENCE; Schema: public; Owner: postgres
--

ALTER TABLE public.auth_group_permissions ALTER COLUMN id ADD GENERATED BY DEFAULT AS IDENTITY (
    SEQUENCE NAME public.auth_group_permissions_id_seq
    START WITH 1
    INCREMENT BY 1
    NO MINVALUE
    NO MAXVALUE
    CACHE 1
);


--
-- Name: auth_permission; Type: TABLE; Schema: public; Owner: postgres
--

CREATE TABLE public.auth_permission (
    id integer NOT NULL,
    name character varying(255) NOT NULL,
    content_type_id integer NOT NULL,
    codename character varying(100) NOT NULL
);


ALTER TABLE public.auth_permission OWNER TO postgres;

--
-- Name: auth_permission_id_seq; Type: SEQUENCE; Schema: public; Owner: postgres
--

ALTER TABLE public.auth_permission ALTER COLUMN id ADD GENERATED BY DEFAULT AS IDENTITY (
    SEQUENCE NAME public.auth_permission_id_seq
    START WITH 1
    INCREMENT BY 1
    NO MINVALUE
    NO MAXVALUE
    CACHE 1
);


--
-- Name: comentarios_comentario; Type: TABLE; Schema: public; Owner: postgres
--

CREATE TABLE public.comentarios_comentario (
    id bigint NOT NULL,
    comentario text NOT NULL,
    fecha timestamp with time zone NOT NULL,
    publicacion_id bigint NOT NULL,
    usuario_id bigint NOT NULL
);


ALTER TABLE public.comentarios_comentario OWNER TO postgres;

--
-- Name: comentarios_comentario_id_seq; Type: SEQUENCE; Schema: public; Owner: postgres
--

ALTER TABLE public.comentarios_comentario ALTER COLUMN id ADD GENERATED BY DEFAULT AS IDENTITY (
    SEQUENCE NAME public.comentarios_comentario_id_seq
    START WITH 1
    INCREMENT BY 1
    NO MINVALUE
    NO MAXVALUE
    CACHE 1
);


--
-- Name: django_admin_log; Type: TABLE; Schema: public; Owner: postgres
--

CREATE TABLE public.django_admin_log (
    id integer NOT NULL,
    action_time timestamp with time zone NOT NULL,
    object_id text,
    object_repr character varying(200) NOT NULL,
    action_flag smallint NOT NULL,
    change_message text NOT NULL,
    content_type_id integer,
    user_id bigint NOT NULL,
    CONSTRAINT django_admin_log_action_flag_check CHECK ((action_flag >= 0))
);


ALTER TABLE public.django_admin_log OWNER TO postgres;

--
-- Name: django_admin_log_id_seq; Type: SEQUENCE; Schema: public; Owner: postgres
--

ALTER TABLE public.django_admin_log ALTER COLUMN id ADD GENERATED BY DEFAULT AS IDENTITY (
    SEQUENCE NAME public.django_admin_log_id_seq
    START WITH 1
    INCREMENT BY 1
    NO MINVALUE
    NO MAXVALUE
    CACHE 1
);


--
-- Name: django_content_type; Type: TABLE; Schema: public; Owner: postgres
--

CREATE TABLE public.django_content_type (
    id integer NOT NULL,
    app_label character varying(100) NOT NULL,
    model character varying(100) NOT NULL
);


ALTER TABLE public.django_content_type OWNER TO postgres;

--
-- Name: django_content_type_id_seq; Type: SEQUENCE; Schema: public; Owner: postgres
--

ALTER TABLE public.django_content_type ALTER COLUMN id ADD GENERATED BY DEFAULT AS IDENTITY (
    SEQUENCE NAME public.django_content_type_id_seq
    START WITH 1
    INCREMENT BY 1
    NO MINVALUE
    NO MAXVALUE
    CACHE 1
);


--
-- Name: django_migrations; Type: TABLE; Schema: public; Owner: postgres
--

CREATE TABLE public.django_migrations (
    id bigint NOT NULL,
    app character varying(255) NOT NULL,
    name character varying(255) NOT NULL,
    applied timestamp with time zone NOT NULL
);


ALTER TABLE public.django_migrations OWNER TO postgres;

--
-- Name: django_migrations_id_seq; Type: SEQUENCE; Schema: public; Owner: postgres
--

ALTER TABLE public.django_migrations ALTER COLUMN id ADD GENERATED BY DEFAULT AS IDENTITY (
    SEQUENCE NAME public.django_migrations_id_seq
    START WITH 1
    INCREMENT BY 1
    NO MINVALUE
    NO MAXVALUE
    CACHE 1
);


--
-- Name: django_session; Type: TABLE; Schema: public; Owner: postgres
--

CREATE TABLE public.django_session (
    session_key character varying(40) NOT NULL,
    session_data text NOT NULL,
    expire_date timestamp with time zone NOT NULL
);


ALTER TABLE public.django_session OWNER TO postgres;

--
-- Name: donaciones_archivoadjunto; Type: TABLE; Schema: public; Owner: postgres
--

CREATE TABLE public.donaciones_archivoadjunto (
    id bigint NOT NULL,
    url character varying(200) NOT NULL,
    tipo character varying(50) NOT NULL,
    publicacion_id bigint NOT NULL
);


ALTER TABLE public.donaciones_archivoadjunto OWNER TO postgres;

--
-- Name: donaciones_archivoadjunto_id_seq; Type: SEQUENCE; Schema: public; Owner: postgres
--

ALTER TABLE public.donaciones_archivoadjunto ALTER COLUMN id ADD GENERATED BY DEFAULT AS IDENTITY (
    SEQUENCE NAME public.donaciones_archivoadjunto_id_seq
    START WITH 1
    INCREMENT BY 1
    NO MINVALUE
    NO MAXVALUE
    CACHE 1
);


--
-- Name: donaciones_categoriacomida; Type: TABLE; Schema: public; Owner: postgres
--

CREATE TABLE public.donaciones_categoriacomida (
    id bigint NOT NULL,
    nombre character varying(50) NOT NULL
);


ALTER TABLE public.donaciones_categoriacomida OWNER TO postgres;

--
-- Name: donaciones_categoriacomida_id_seq; Type: SEQUENCE; Schema: public; Owner: postgres
--

ALTER TABLE public.donaciones_categoriacomida ALTER COLUMN id ADD GENERATED BY DEFAULT AS IDENTITY (
    SEQUENCE NAME public.donaciones_categoriacomida_id_seq
    START WITH 1
    INCREMENT BY 1
    NO MINVALUE
    NO MAXVALUE
    CACHE 1
);


--
-- Name: donaciones_comida; Type: TABLE; Schema: public; Owner: postgres
--

CREATE TABLE public.donaciones_comida (
    id bigint NOT NULL,
    nombre character varying(100) NOT NULL,
    cantidad character varying(50) NOT NULL,
    ingredientes text NOT NULL,
    categoria_id bigint NOT NULL,
    publicacion_id bigint NOT NULL
);


ALTER TABLE public.donaciones_comida OWNER TO postgres;

--
-- Name: donaciones_comida_id_seq; Type: SEQUENCE; Schema: public; Owner: postgres
--

ALTER TABLE public.donaciones_comida ALTER COLUMN id ADD GENERATED BY DEFAULT AS IDENTITY (
    SEQUENCE NAME public.donaciones_comida_id_seq
    START WITH 1
    INCREMENT BY 1
    NO MINVALUE
    NO MAXVALUE
    CACHE 1
);


--
-- Name: donaciones_estadodonacion; Type: TABLE; Schema: public; Owner: postgres
--

CREATE TABLE public.donaciones_estadodonacion (
    id bigint NOT NULL,
    nombre character varying(50) NOT NULL
);


ALTER TABLE public.donaciones_estadodonacion OWNER TO postgres;

--
-- Name: donaciones_estadodonacion_id_seq; Type: SEQUENCE; Schema: public; Owner: postgres
--

ALTER TABLE public.donaciones_estadodonacion ALTER COLUMN id ADD GENERATED BY DEFAULT AS IDENTITY (
    SEQUENCE NAME public.donaciones_estadodonacion_id_seq
    START WITH 1
    INCREMENT BY 1
    NO MINVALUE
    NO MAXVALUE
    CACHE 1
);


--
-- Name: donaciones_publicacion; Type: TABLE; Schema: public; Owner: postgres
--

CREATE TABLE public.donaciones_publicacion (
    id bigint NOT NULL,
    titulo character varying(150) NOT NULL,
    descripcion text NOT NULL,
    cantidad integer NOT NULL,
    fecha_publicacion timestamp with time zone NOT NULL,
    fecha_caducidad date NOT NULL,
    estado_id bigint NOT NULL,
    ubicacion_id bigint NOT NULL,
    zona_id bigint NOT NULL,
    sucursal_id bigint NOT NULL
);


ALTER TABLE public.donaciones_publicacion OWNER TO postgres;

--
-- Name: donaciones_publicacion_id_seq; Type: SEQUENCE; Schema: public; Owner: postgres
--

ALTER TABLE public.donaciones_publicacion ALTER COLUMN id ADD GENERATED BY DEFAULT AS IDENTITY (
    SEQUENCE NAME public.donaciones_publicacion_id_seq
    START WITH 1
    INCREMENT BY 1
    NO MINVALUE
    NO MAXVALUE
    CACHE 1
);


--
-- Name: donaciones_sucursal; Type: TABLE; Schema: public; Owner: postgres
--

CREATE TABLE public.donaciones_sucursal (
    id bigint NOT NULL,
    nombre character varying(100) NOT NULL,
    direccion text NOT NULL,
    telefono character varying(20) NOT NULL,
    horario_apertura time without time zone NOT NULL,
    horario_cierre time without time zone NOT NULL,
    representante character varying(100) NOT NULL,
    donador_id bigint NOT NULL,
    ubicacion_id bigint NOT NULL,
    zona_id bigint NOT NULL
);


ALTER TABLE public.donaciones_sucursal OWNER TO postgres;

--
-- Name: donaciones_sucursal_id_seq; Type: SEQUENCE; Schema: public; Owner: postgres
--

ALTER TABLE public.donaciones_sucursal ALTER COLUMN id ADD GENERATED BY DEFAULT AS IDENTITY (
    SEQUENCE NAME public.donaciones_sucursal_id_seq
    START WITH 1
    INCREMENT BY 1
    NO MINVALUE
    NO MAXVALUE
    CACHE 1
);


--
-- Name: notificaciones_notificacion; Type: TABLE; Schema: public; Owner: postgres
--

CREATE TABLE public.notificaciones_notificacion (
    id bigint NOT NULL,
    mensaje text NOT NULL,
    fecha timestamp with time zone NOT NULL,
    leido boolean NOT NULL,
    usuario_id bigint NOT NULL
);


ALTER TABLE public.notificaciones_notificacion OWNER TO postgres;

--
-- Name: notificaciones_notificacion_id_seq; Type: SEQUENCE; Schema: public; Owner: postgres
--

ALTER TABLE public.notificaciones_notificacion ALTER COLUMN id ADD GENERATED BY DEFAULT AS IDENTITY (
    SEQUENCE NAME public.notificaciones_notificacion_id_seq
    START WITH 1
    INCREMENT BY 1
    NO MINVALUE
    NO MAXVALUE
    CACHE 1
);


--
-- Name: solicitudes_historialdonacion; Type: TABLE; Schema: public; Owner: postgres
--

CREATE TABLE public.solicitudes_historialdonacion (
    id bigint NOT NULL,
    fecha timestamp with time zone NOT NULL,
    tipo character varying(20) NOT NULL,
    donador_id bigint NOT NULL,
    publicacion_id bigint NOT NULL,
    receptor_id bigint NOT NULL
);


ALTER TABLE public.solicitudes_historialdonacion OWNER TO postgres;

--
-- Name: solicitudes_historialdonacion_id_seq; Type: SEQUENCE; Schema: public; Owner: postgres
--

ALTER TABLE public.solicitudes_historialdonacion ALTER COLUMN id ADD GENERATED BY DEFAULT AS IDENTITY (
    SEQUENCE NAME public.solicitudes_historialdonacion_id_seq
    START WITH 1
    INCREMENT BY 1
    NO MINVALUE
    NO MAXVALUE
    CACHE 1
);


--
-- Name: solicitudes_solicitud; Type: TABLE; Schema: public; Owner: postgres
--

CREATE TABLE public.solicitudes_solicitud (
    id bigint NOT NULL,
    fecha_solicitud timestamp with time zone NOT NULL,
    estado character varying(50) NOT NULL,
    comentarios text,
    publicacion_id bigint NOT NULL,
    receptor_id bigint NOT NULL
);


ALTER TABLE public.solicitudes_solicitud OWNER TO postgres;

--
-- Name: solicitudes_solicitud_id_seq; Type: SEQUENCE; Schema: public; Owner: postgres
--

ALTER TABLE public.solicitudes_solicitud ALTER COLUMN id ADD GENERATED BY DEFAULT AS IDENTITY (
    SEQUENCE NAME public.solicitudes_solicitud_id_seq
    START WITH 1
    INCREMENT BY 1
    NO MINVALUE
    NO MAXVALUE
    CACHE 1
);


--
-- Name: token_blacklist_blacklistedtoken; Type: TABLE; Schema: public; Owner: postgres
--

CREATE TABLE public.token_blacklist_blacklistedtoken (
    id bigint NOT NULL,
    blacklisted_at timestamp with time zone NOT NULL,
    token_id bigint NOT NULL
);


ALTER TABLE public.token_blacklist_blacklistedtoken OWNER TO postgres;

--
-- Name: token_blacklist_blacklistedtoken_id_seq; Type: SEQUENCE; Schema: public; Owner: postgres
--

ALTER TABLE public.token_blacklist_blacklistedtoken ALTER COLUMN id ADD GENERATED BY DEFAULT AS IDENTITY (
    SEQUENCE NAME public.token_blacklist_blacklistedtoken_id_seq
    START WITH 1
    INCREMENT BY 1
    NO MINVALUE
    NO MAXVALUE
    CACHE 1
);


--
-- Name: token_blacklist_outstandingtoken; Type: TABLE; Schema: public; Owner: postgres
--

CREATE TABLE public.token_blacklist_outstandingtoken (
    id bigint NOT NULL,
    token text NOT NULL,
    created_at timestamp with time zone,
    expires_at timestamp with time zone NOT NULL,
    user_id bigint,
    jti character varying(255) NOT NULL
);


ALTER TABLE public.token_blacklist_outstandingtoken OWNER TO postgres;

--
-- Name: token_blacklist_outstandingtoken_id_seq; Type: SEQUENCE; Schema: public; Owner: postgres
--

ALTER TABLE public.token_blacklist_outstandingtoken ALTER COLUMN id ADD GENERATED BY DEFAULT AS IDENTITY (
    SEQUENCE NAME public.token_blacklist_outstandingtoken_id_seq
    START WITH 1
    INCREMENT BY 1
    NO MINVALUE
    NO MAXVALUE
    CACHE 1
);


--
-- Name: usuarios_administrador; Type: TABLE; Schema: public; Owner: postgres
--

CREATE TABLE public.usuarios_administrador (
    id bigint NOT NULL,
    nombre character varying(100) NOT NULL,
    correo character varying(254) NOT NULL,
    password character varying(255) NOT NULL,
    fecha_registro timestamp with time zone NOT NULL,
    activo boolean NOT NULL
);


ALTER TABLE public.usuarios_administrador OWNER TO postgres;

--
-- Name: usuarios_administrador_id_seq; Type: SEQUENCE; Schema: public; Owner: postgres
--

ALTER TABLE public.usuarios_administrador ALTER COLUMN id ADD GENERATED BY DEFAULT AS IDENTITY (
    SEQUENCE NAME public.usuarios_administrador_id_seq
    START WITH 1
    INCREMENT BY 1
    NO MINVALUE
    NO MAXVALUE
    CACHE 1
);


--
-- Name: usuarios_donador; Type: TABLE; Schema: public; Owner: postgres
--

CREATE TABLE public.usuarios_donador (
    id bigint NOT NULL,
    nombre_lugar character varying(100) NOT NULL,
    representante character varying(100) NOT NULL,
    telefono character varying(20) NOT NULL,
    descripcion text NOT NULL,
    horario_apertura time without time zone NOT NULL,
    horario_cierre time without time zone NOT NULL,
    usuario_id bigint NOT NULL
);


ALTER TABLE public.usuarios_donador OWNER TO postgres;

--
-- Name: usuarios_donador_id_seq; Type: SEQUENCE; Schema: public; Owner: postgres
--

ALTER TABLE public.usuarios_donador ALTER COLUMN id ADD GENERATED BY DEFAULT AS IDENTITY (
    SEQUENCE NAME public.usuarios_donador_id_seq
    START WITH 1
    INCREMENT BY 1
    NO MINVALUE
    NO MAXVALUE
    CACHE 1
);


--
-- Name: usuarios_logsistema; Type: TABLE; Schema: public; Owner: postgres
--

CREATE TABLE public.usuarios_logsistema (
    id bigint NOT NULL,
    fecha timestamp with time zone NOT NULL,
    usuario character varying(100),
    accion character varying(100) NOT NULL,
    detalle text NOT NULL
);


ALTER TABLE public.usuarios_logsistema OWNER TO postgres;

--
-- Name: usuarios_logsistema_id_seq; Type: SEQUENCE; Schema: public; Owner: postgres
--

ALTER TABLE public.usuarios_logsistema ALTER COLUMN id ADD GENERATED BY DEFAULT AS IDENTITY (
    SEQUENCE NAME public.usuarios_logsistema_id_seq
    START WITH 1
    INCREMENT BY 1
    NO MINVALUE
    NO MAXVALUE
    CACHE 1
);


--
-- Name: usuarios_receptor; Type: TABLE; Schema: public; Owner: postgres
--

CREATE TABLE public.usuarios_receptor (
    id bigint NOT NULL,
    nombre_lugar character varying(100) NOT NULL,
    encargado character varying(100) NOT NULL,
    telefono character varying(20) NOT NULL,
    direccion text NOT NULL,
    capacidad integer NOT NULL,
    horario_apertura time without time zone NOT NULL,
    horario_cierre time without time zone NOT NULL,
    usuario_id bigint NOT NULL
);


ALTER TABLE public.usuarios_receptor OWNER TO postgres;

--
-- Name: usuarios_receptor_id_seq; Type: SEQUENCE; Schema: public; Owner: postgres
--

ALTER TABLE public.usuarios_receptor ALTER COLUMN id ADD GENERATED BY DEFAULT AS IDENTITY (
    SEQUENCE NAME public.usuarios_receptor_id_seq
    START WITH 1
    INCREMENT BY 1
    NO MINVALUE
    NO MAXVALUE
    CACHE 1
);


--
-- Name: usuarios_rol; Type: TABLE; Schema: public; Owner: postgres
--

CREATE TABLE public.usuarios_rol (
    id bigint NOT NULL,
    nombre character varying(50) NOT NULL
);


ALTER TABLE public.usuarios_rol OWNER TO postgres;

--
-- Name: usuarios_rol_id_seq; Type: SEQUENCE; Schema: public; Owner: postgres
--

ALTER TABLE public.usuarios_rol ALTER COLUMN id ADD GENERATED BY DEFAULT AS IDENTITY (
    SEQUENCE NAME public.usuarios_rol_id_seq
    START WITH 1
    INCREMENT BY 1
    NO MINVALUE
    NO MAXVALUE
    CACHE 1
);


--
-- Name: usuarios_usuario; Type: TABLE; Schema: public; Owner: postgres
--

CREATE TABLE public.usuarios_usuario (
    id bigint NOT NULL,
    password character varying(128) NOT NULL,
    last_login timestamp with time zone,
    is_superuser boolean NOT NULL,
    nombre character varying(100) NOT NULL,
    correo character varying(254) NOT NULL,
    fecha_registro timestamp with time zone NOT NULL,
    activo boolean NOT NULL,
    is_staff boolean NOT NULL,
    is_active boolean NOT NULL,
    rol_id bigint NOT NULL
);


ALTER TABLE public.usuarios_usuario OWNER TO postgres;

--
-- Name: usuarios_usuario_groups; Type: TABLE; Schema: public; Owner: postgres
--

CREATE TABLE public.usuarios_usuario_groups (
    id bigint NOT NULL,
    usuario_id bigint NOT NULL,
    group_id integer NOT NULL
);


ALTER TABLE public.usuarios_usuario_groups OWNER TO postgres;

--
-- Name: usuarios_usuario_groups_id_seq; Type: SEQUENCE; Schema: public; Owner: postgres
--

ALTER TABLE public.usuarios_usuario_groups ALTER COLUMN id ADD GENERATED BY DEFAULT AS IDENTITY (
    SEQUENCE NAME public.usuarios_usuario_groups_id_seq
    START WITH 1
    INCREMENT BY 1
    NO MINVALUE
    NO MAXVALUE
    CACHE 1
);


--
-- Name: usuarios_usuario_id_seq; Type: SEQUENCE; Schema: public; Owner: postgres
--

ALTER TABLE public.usuarios_usuario ALTER COLUMN id ADD GENERATED BY DEFAULT AS IDENTITY (
    SEQUENCE NAME public.usuarios_usuario_id_seq
    START WITH 1
    INCREMENT BY 1
    NO MINVALUE
    NO MAXVALUE
    CACHE 1
);


--
-- Name: usuarios_usuario_user_permissions; Type: TABLE; Schema: public; Owner: postgres
--

CREATE TABLE public.usuarios_usuario_user_permissions (
    id bigint NOT NULL,
    usuario_id bigint NOT NULL,
    permission_id integer NOT NULL
);


ALTER TABLE public.usuarios_usuario_user_permissions OWNER TO postgres;

--
-- Name: usuarios_usuario_user_permissions_id_seq; Type: SEQUENCE; Schema: public; Owner: postgres
--

ALTER TABLE public.usuarios_usuario_user_permissions ALTER COLUMN id ADD GENERATED BY DEFAULT AS IDENTITY (
    SEQUENCE NAME public.usuarios_usuario_user_permissions_id_seq
    START WITH 1
    INCREMENT BY 1
    NO MINVALUE
    NO MAXVALUE
    CACHE 1
);


--
-- Name: usuarios_voluntario; Type: TABLE; Schema: public; Owner: postgres
--

CREATE TABLE public.usuarios_voluntario (
    id bigint NOT NULL,
    telefono character varying(20) NOT NULL,
    usuario_id bigint NOT NULL,
    zona_id bigint NOT NULL
);


ALTER TABLE public.usuarios_voluntario OWNER TO postgres;

--
-- Name: usuarios_voluntario_id_seq; Type: SEQUENCE; Schema: public; Owner: postgres
--

ALTER TABLE public.usuarios_voluntario ALTER COLUMN id ADD GENERATED BY DEFAULT AS IDENTITY (
    SEQUENCE NAME public.usuarios_voluntario_id_seq
    START WITH 1
    INCREMENT BY 1
    NO MINVALUE
    NO MAXVALUE
    CACHE 1
);


--
-- Name: zonas_ubicacion; Type: TABLE; Schema: public; Owner: postgres
--

CREATE TABLE public.zonas_ubicacion (
    id bigint NOT NULL,
    direccion text NOT NULL,
    latitud double precision NOT NULL,
    longitud double precision NOT NULL,
    zona_id bigint
);


ALTER TABLE public.zonas_ubicacion OWNER TO postgres;

--
-- Name: zonas_ubicacion_id_seq; Type: SEQUENCE; Schema: public; Owner: postgres
--

ALTER TABLE public.zonas_ubicacion ALTER COLUMN id ADD GENERATED BY DEFAULT AS IDENTITY (
    SEQUENCE NAME public.zonas_ubicacion_id_seq
    START WITH 1
    INCREMENT BY 1
    NO MINVALUE
    NO MAXVALUE
    CACHE 1
);


--
-- Name: zonas_zona; Type: TABLE; Schema: public; Owner: postgres
--

CREATE TABLE public.zonas_zona (
    id bigint NOT NULL,
    nombre character varying(100) NOT NULL,
    codigo_postal character varying(10) NOT NULL,
    ciudad character varying(100) NOT NULL,
    estado character varying(100) NOT NULL
);


ALTER TABLE public.zonas_zona OWNER TO postgres;

--
-- Name: zonas_zona_id_seq; Type: SEQUENCE; Schema: public; Owner: postgres
--

ALTER TABLE public.zonas_zona ALTER COLUMN id ADD GENERATED BY DEFAULT AS IDENTITY (
    SEQUENCE NAME public.zonas_zona_id_seq
    START WITH 1
    INCREMENT BY 1
    NO MINVALUE
    NO MAXVALUE
    CACHE 1
);


--
-- Data for Name: auth_group; Type: TABLE DATA; Schema: public; Owner: postgres
--

COPY public.auth_group (id, name) FROM stdin;
\.


--
-- Data for Name: auth_group_permissions; Type: TABLE DATA; Schema: public; Owner: postgres
--

COPY public.auth_group_permissions (id, group_id, permission_id) FROM stdin;
\.


--
-- Data for Name: auth_permission; Type: TABLE DATA; Schema: public; Owner: postgres
--

COPY public.auth_permission (id, name, content_type_id, codename) FROM stdin;
1	Can add log entry	1	add_logentry
2	Can change log entry	1	change_logentry
3	Can delete log entry	1	delete_logentry
4	Can view log entry	1	view_logentry
5	Can add permission	2	add_permission
6	Can change permission	2	change_permission
7	Can delete permission	2	delete_permission
8	Can view permission	2	view_permission
9	Can add group	3	add_group
10	Can change group	3	change_group
11	Can delete group	3	delete_group
12	Can view group	3	view_group
13	Can add content type	4	add_contenttype
14	Can change content type	4	change_contenttype
15	Can delete content type	4	delete_contenttype
16	Can view content type	4	view_contenttype
17	Can add session	5	add_session
18	Can change session	5	change_session
19	Can delete session	5	delete_session
20	Can view session	5	view_session
21	Can add comentario	6	add_comentario
22	Can change comentario	6	change_comentario
23	Can delete comentario	6	delete_comentario
24	Can view comentario	6	view_comentario
25	Can add categoria comida	7	add_categoriacomida
26	Can change categoria comida	7	change_categoriacomida
27	Can delete categoria comida	7	delete_categoriacomida
28	Can view categoria comida	7	view_categoriacomida
29	Can add estado donacion	8	add_estadodonacion
30	Can change estado donacion	8	change_estadodonacion
31	Can delete estado donacion	8	delete_estadodonacion
32	Can view estado donacion	8	view_estadodonacion
33	Can add sucursal	9	add_sucursal
34	Can change sucursal	9	change_sucursal
35	Can delete sucursal	9	delete_sucursal
36	Can view sucursal	9	view_sucursal
37	Can add publicacion	10	add_publicacion
38	Can change publicacion	10	change_publicacion
39	Can delete publicacion	10	delete_publicacion
40	Can view publicacion	10	view_publicacion
41	Can add comida	11	add_comida
42	Can change comida	11	change_comida
43	Can delete comida	11	delete_comida
44	Can view comida	11	view_comida
45	Can add archivo adjunto	12	add_archivoadjunto
46	Can change archivo adjunto	12	change_archivoadjunto
47	Can delete archivo adjunto	12	delete_archivoadjunto
48	Can view archivo adjunto	12	view_archivoadjunto
49	Can add notificacion	13	add_notificacion
50	Can change notificacion	13	change_notificacion
51	Can delete notificacion	13	delete_notificacion
52	Can view notificacion	13	view_notificacion
53	Can add historial donacion	14	add_historialdonacion
54	Can change historial donacion	14	change_historialdonacion
55	Can delete historial donacion	14	delete_historialdonacion
56	Can view historial donacion	14	view_historialdonacion
57	Can add solicitud	15	add_solicitud
58	Can change solicitud	15	change_solicitud
59	Can delete solicitud	15	delete_solicitud
60	Can view solicitud	15	view_solicitud
61	Can add administrador	16	add_administrador
62	Can change administrador	16	change_administrador
63	Can delete administrador	16	delete_administrador
64	Can view administrador	16	view_administrador
65	Can add log sistema	17	add_logsistema
66	Can change log sistema	17	change_logsistema
67	Can delete log sistema	17	delete_logsistema
68	Can view log sistema	17	view_logsistema
69	Can add rol	18	add_rol
70	Can change rol	18	change_rol
71	Can delete rol	18	delete_rol
72	Can view rol	18	view_rol
73	Can add usuario	19	add_usuario
74	Can change usuario	19	change_usuario
75	Can delete usuario	19	delete_usuario
76	Can view usuario	19	view_usuario
77	Can add donador	20	add_donador
78	Can change donador	20	change_donador
79	Can delete donador	20	delete_donador
80	Can view donador	20	view_donador
81	Can add receptor	21	add_receptor
82	Can change receptor	21	change_receptor
83	Can delete receptor	21	delete_receptor
84	Can view receptor	21	view_receptor
85	Can add voluntario	22	add_voluntario
86	Can change voluntario	22	change_voluntario
87	Can delete voluntario	22	delete_voluntario
88	Can view voluntario	22	view_voluntario
89	Can add zona	23	add_zona
90	Can change zona	23	change_zona
91	Can delete zona	23	delete_zona
92	Can view zona	23	view_zona
93	Can add ubicacion	24	add_ubicacion
94	Can change ubicacion	24	change_ubicacion
95	Can delete ubicacion	24	delete_ubicacion
96	Can view ubicacion	24	view_ubicacion
97	Can add Blacklisted Token	25	add_blacklistedtoken
98	Can change Blacklisted Token	25	change_blacklistedtoken
99	Can delete Blacklisted Token	25	delete_blacklistedtoken
100	Can view Blacklisted Token	25	view_blacklistedtoken
101	Can add Outstanding Token	26	add_outstandingtoken
102	Can change Outstanding Token	26	change_outstandingtoken
103	Can delete Outstanding Token	26	delete_outstandingtoken
104	Can view Outstanding Token	26	view_outstandingtoken
\.


--
-- Data for Name: comentarios_comentario; Type: TABLE DATA; Schema: public; Owner: postgres
--

COPY public.comentarios_comentario (id, comentario, fecha, publicacion_id, usuario_id) FROM stdin;
\.


--
-- Data for Name: django_admin_log; Type: TABLE DATA; Schema: public; Owner: postgres
--

COPY public.django_admin_log (id, action_time, object_id, object_repr, action_flag, change_message, content_type_id, user_id) FROM stdin;
\.


--
-- Data for Name: django_content_type; Type: TABLE DATA; Schema: public; Owner: postgres
--

COPY public.django_content_type (id, app_label, model) FROM stdin;
1	admin	logentry
2	auth	permission
3	auth	group
4	contenttypes	contenttype
5	sessions	session
6	comentarios	comentario
7	donaciones	categoriacomida
8	donaciones	estadodonacion
9	donaciones	sucursal
10	donaciones	publicacion
11	donaciones	comida
12	donaciones	archivoadjunto
13	notificaciones	notificacion
14	solicitudes	historialdonacion
15	solicitudes	solicitud
16	usuarios	administrador
17	usuarios	logsistema
18	usuarios	rol
19	usuarios	usuario
20	usuarios	donador
21	usuarios	receptor
22	usuarios	voluntario
23	zonas	zona
24	zonas	ubicacion
25	token_blacklist	blacklistedtoken
26	token_blacklist	outstandingtoken
\.


--
-- Data for Name: django_migrations; Type: TABLE DATA; Schema: public; Owner: postgres
--

COPY public.django_migrations (id, app, name, applied) FROM stdin;
1	zonas	0001_initial	2025-07-30 01:06:21.092308+00
2	contenttypes	0001_initial	2025-07-30 01:06:21.253801+00
3	contenttypes	0002_remove_content_type_name	2025-07-30 01:06:21.400347+00
4	auth	0001_initial	2025-07-30 01:06:21.878511+00
5	auth	0002_alter_permission_name_max_length	2025-07-30 01:06:21.916385+00
6	auth	0003_alter_user_email_max_length	2025-07-30 01:06:21.933494+00
7	auth	0004_alter_user_username_opts	2025-07-30 01:06:21.949019+00
8	auth	0005_alter_user_last_login_null	2025-07-30 01:06:21.964719+00
9	auth	0006_require_contenttypes_0002	2025-07-30 01:06:21.968821+00
10	auth	0007_alter_validators_add_error_messages	2025-07-30 01:06:21.986278+00
11	auth	0008_alter_user_username_max_length	2025-07-30 01:06:22.002158+00
12	auth	0009_alter_user_last_name_max_length	2025-07-30 01:06:22.050457+00
13	auth	0010_alter_group_name_max_length	2025-07-30 01:06:22.083694+00
14	auth	0011_update_proxy_permissions	2025-07-30 01:06:22.103171+00
15	auth	0012_alter_user_first_name_max_length	2025-07-30 01:06:22.116585+00
16	usuarios	0001_initial	2025-07-30 01:06:24.073415+00
17	admin	0001_initial	2025-07-30 01:06:24.452499+00
18	admin	0002_logentry_remove_auto_add	2025-07-30 01:06:24.519083+00
19	admin	0003_logentry_add_action_flag_choices	2025-07-30 01:06:24.548103+00
20	donaciones	0001_initial	2025-07-30 01:06:26.411701+00
21	comentarios	0001_initial	2025-07-30 01:06:26.523537+00
22	comentarios	0002_initial	2025-07-30 01:06:26.659371+00
23	comentarios	0003_initial	2025-07-30 01:06:26.780933+00
24	donaciones	0002_initial	2025-07-30 01:06:27.335385+00
25	notificaciones	0001_initial	2025-07-30 01:06:27.709579+00
26	notificaciones	0002_initial	2025-07-30 01:06:27.811282+00
27	sessions	0001_initial	2025-07-30 01:06:28.095877+00
28	solicitudes	0001_initial	2025-07-30 01:06:28.316894+00
29	solicitudes	0002_initial	2025-07-30 01:06:28.768006+00
30	token_blacklist	0001_initial	2025-07-30 01:06:29.521088+00
31	token_blacklist	0002_outstandingtoken_jti_hex	2025-07-30 01:06:29.598973+00
32	token_blacklist	0003_auto_20171017_2007	2025-07-30 01:06:29.694355+00
33	token_blacklist	0004_auto_20171017_2013	2025-07-30 01:06:29.863902+00
34	token_blacklist	0005_remove_outstandingtoken_jti	2025-07-30 01:06:29.940569+00
35	token_blacklist	0006_auto_20171017_2113	2025-07-30 01:06:30.062329+00
36	token_blacklist	0007_auto_20171017_2214	2025-07-30 01:06:30.360665+00
37	token_blacklist	0008_migrate_to_bigautofield	2025-07-30 01:06:31.084685+00
38	token_blacklist	0010_fix_migrate_to_bigautofield	2025-07-30 01:06:31.195477+00
39	token_blacklist	0011_linearizes_history	2025-07-30 01:06:31.19993+00
40	token_blacklist	0012_alter_outstandingtoken_user	2025-07-30 01:06:31.242111+00
41	token_blacklist	0013_alter_blacklistedtoken_options_and_more	2025-07-30 01:06:31.274784+00
\.


--
-- Data for Name: django_session; Type: TABLE DATA; Schema: public; Owner: postgres
--

COPY public.django_session (session_key, session_data, expire_date) FROM stdin;
\.


--
-- Data for Name: donaciones_archivoadjunto; Type: TABLE DATA; Schema: public; Owner: postgres
--

COPY public.donaciones_archivoadjunto (id, url, tipo, publicacion_id) FROM stdin;
\.


--
-- Data for Name: donaciones_categoriacomida; Type: TABLE DATA; Schema: public; Owner: postgres
--

COPY public.donaciones_categoriacomida (id, nombre) FROM stdin;
\.


--
-- Data for Name: donaciones_comida; Type: TABLE DATA; Schema: public; Owner: postgres
--

COPY public.donaciones_comida (id, nombre, cantidad, ingredientes, categoria_id, publicacion_id) FROM stdin;
\.


--
-- Data for Name: donaciones_estadodonacion; Type: TABLE DATA; Schema: public; Owner: postgres
--

COPY public.donaciones_estadodonacion (id, nombre) FROM stdin;
1	Disponible
2	En camino
3	Entregado
4	Cancelado
\.


--
-- Data for Name: donaciones_publicacion; Type: TABLE DATA; Schema: public; Owner: postgres
--

COPY public.donaciones_publicacion (id, titulo, descripcion, cantidad, fecha_publicacion, fecha_caducidad, estado_id, ubicacion_id, zona_id, sucursal_id) FROM stdin;
1	Comidas completas para familias	10 paquetes con arroz, pollo y vegetales cocinados.	96	2025-08-03 05:11:59.698077+00	2025-08-10	2	7	7	3
2	Pan dulce recién horneado	20 piezas de conchas, empanadas y pan de elote para donar.2	20	2025-08-03 05:12:14.786946+00	2025-08-08	4	2	3	1
3	PublicacionNuevecita	PublicacionNuevecita	122	2025-08-04 02:54:06.445003+00	2025-11-19	2	7	6	3
5	Cabrito asado estilo Monterrey – Raciones completas	porciones de cabrito asado recién preparado, incluye frijoles charros, tortillas de harina y salsa casera.	25	2025-08-04 08:12:14.751676+00	2025-08-06	2	16	16	4
\.


--
-- Data for Name: donaciones_sucursal; Type: TABLE DATA; Schema: public; Owner: postgres
--

COPY public.donaciones_sucursal (id, nombre, direccion, telefono, horario_apertura, horario_cierre, representante, donador_id, ubicacion_id, zona_id) FROM stdin;
1	Sucursal Centro	Calle Segunda 45611	6649876543	07:00:00	15:00:00	Camila Torres	2	2	2
3	Amour Cuisine (inactiva)	Av. Valle del Sol	6644567890	09:00:00	16:00:00	Laura Ramírez Santos	1	7	7
4	La silla monterrey	Avenida Fundidora 501, Col. Obrera, Monterrey, NL	813342343	13:00:00	22:00:00	Jimena Rodriguez	7	16	16
5	La silla TJ	Av. Revolución #4521, calle Casimiro Norton	6642312452	13:00:00	23:00:00	Luis Campos Plata	7	5	1
\.


--
-- Data for Name: notificaciones_notificacion; Type: TABLE DATA; Schema: public; Owner: postgres
--

COPY public.notificaciones_notificacion (id, mensaje, fecha, leido, usuario_id) FROM stdin;
70	 Nuevo Receptor registrado: Andalucia Martinez Gomez	2025-08-04 07:44:23.844482+00	f	4
3	 Nuevo Donador registrado: Cocina de Amor	2025-08-03 04:33:54.917351+00	f	4
5	 Nuevo Donador registrado: Cocina de Amor	2025-08-03 04:33:55.027286+00	f	4
9	 Nuevo Donador registrado: Claudia Méndez	2025-08-03 04:44:08.241975+00	f	4
13	 Nuevo Donador registrado: Raúl Sánchez	2025-08-03 04:44:31.25965+00	f	4
15	 Nuevo Voluntario registrado: Refugio San Juan	2025-08-03 05:13:59.755113+00	f	4
17	 Nuevo Receptor registrado: Refugio San Juan	2025-08-03 05:13:59.765059+00	f	4
19	 Nuevo Receptor registrado: Karen López	2025-08-03 05:14:53.814425+00	f	4
21	 Nuevo Voluntario registrado: Karen López	2025-08-03 05:14:53.825146+00	f	4
71	 Nuevo Receptor registrado: Andalucia Martinez Gomez	2025-08-04 07:44:23.905759+00	f	10
72	 Nuevo Receptor registrado: Andalucia Martinez Gomez	2025-08-04 07:44:24.131946+00	f	18
23	 Nuevo Donador registrado: Israel Ramos	2025-08-03 07:49:51.189434+00	f	4
24	 Nuevo Donador registrado: Israel Ramos	2025-08-03 07:49:51.192234+00	f	10
26	 Nuevo Donador registrado: Israel Ramos	2025-08-03 07:49:51.201225+00	f	4
27	 Nuevo Donador registrado: Israel Ramos	2025-08-03 07:49:51.20256+00	f	10
29	 Nuevo Receptor registrado: Receptorprueba	2025-08-03 08:14:32.854714+00	f	4
30	 Nuevo Receptor registrado: Receptorprueba	2025-08-03 08:14:32.857663+00	f	10
32	 Nuevo Receptor registrado: Receptorprueba	2025-08-03 08:14:32.866853+00	f	4
33	 Nuevo Receptor registrado: Receptorprueba	2025-08-03 08:14:32.868497+00	f	10
35	 Nuevo Voluntario registrado: voluntarioprueba	2025-08-03 08:14:56.661044+00	f	4
36	 Nuevo Voluntario registrado: voluntarioprueba	2025-08-03 08:14:56.664477+00	f	10
38	 Nuevo Voluntario registrado: voluntarioprueba	2025-08-03 08:14:56.674541+00	f	4
39	 Nuevo Voluntario registrado: voluntarioprueba	2025-08-03 08:14:56.675809+00	f	10
40	 Nuevo Voluntario registrado: pROBANDOVOLUNTARIO2	2025-08-03 08:25:53.630584+00	f	4
41	 Nuevo Voluntario registrado: pROBANDOVOLUNTARIO2	2025-08-03 08:25:53.633942+00	f	10
42	 Nuevo Voluntario registrado: pROBANDOVOLUNTARIO2	2025-08-03 08:25:53.641743+00	f	4
43	 Nuevo Voluntario registrado: pROBANDOVOLUNTARIO2	2025-08-03 08:25:53.64303+00	f	10
44	 Nuevo Donador registrado: DonadorNuevecito	2025-08-04 02:50:03.47134+00	f	4
45	 Nuevo Donador registrado: DonadorNuevecito	2025-08-04 02:50:03.479061+00	f	10
46	 Nuevo Donador registrado: DonadorNuevecito	2025-08-04 02:50:03.499046+00	f	4
47	 Nuevo Donador registrado: DonadorNuevecito	2025-08-04 02:50:03.502874+00	f	10
48	 Nuevo Receptor registrado: ReceptorNuevecito	2025-08-04 02:50:35.170458+00	f	4
49	 Nuevo Receptor registrado: ReceptorNuevecito	2025-08-04 02:50:35.173433+00	f	10
50	 Nuevo Receptor registrado: ReceptorNuevecito	2025-08-04 02:50:35.1816+00	f	4
51	 Nuevo Receptor registrado: ReceptorNuevecito	2025-08-04 02:50:35.182893+00	f	10
52	 Nuevo Voluntario registrado: VoluntarioNuevecito	2025-08-04 02:50:59.525094+00	f	4
53	 Nuevo Voluntario registrado: VoluntarioNuevecito	2025-08-04 02:50:59.528597+00	f	10
54	 Nuevo Voluntario registrado: VoluntarioNuevecito	2025-08-04 02:50:59.565859+00	f	4
55	 Nuevo Voluntario registrado: VoluntarioNuevecito	2025-08-04 02:50:59.574825+00	f	10
56	 Nuevo Voluntario registrado: todoenmivida	2025-08-04 05:37:41.858855+00	f	4
57	 Nuevo Voluntario registrado: todoenmivida	2025-08-04 05:37:41.881408+00	f	10
58	 Nuevo Voluntario registrado: todoenmivida	2025-08-04 05:37:41.89252+00	f	18
59	 Nuevo Voluntario registrado: todoenmivida	2025-08-04 05:37:41.964279+00	f	4
60	 Nuevo Voluntario registrado: todoenmivida	2025-08-04 05:37:42.04667+00	f	10
61	 Nuevo Voluntario registrado: todoenmivida	2025-08-04 05:37:42.076973+00	f	18
62	 Nuevo Donador registrado: Julio Cruz Mendoza	2025-08-04 07:41:36.656209+00	f	4
63	 Nuevo Donador registrado: Julio Cruz Mendoza	2025-08-04 07:41:36.671253+00	f	10
64	 Nuevo Donador registrado: Julio Cruz Mendoza	2025-08-04 07:41:36.673601+00	f	18
65	 Nuevo Donador registrado: Julio Cruz Mendoza	2025-08-04 07:41:36.67597+00	f	20
66	 Nuevo Donador registrado: Julio Cruz Mendoza	2025-08-04 07:41:36.697359+00	f	4
67	 Nuevo Donador registrado: Julio Cruz Mendoza	2025-08-04 07:41:36.698588+00	f	10
68	 Nuevo Donador registrado: Julio Cruz Mendoza	2025-08-04 07:41:36.69981+00	f	18
69	 Nuevo Donador registrado: Julio Cruz Mendoza	2025-08-04 07:41:36.700977+00	f	20
73	 Nuevo Receptor registrado: Andalucia Martinez Gomez	2025-08-04 07:44:24.221614+00	f	20
74	 Nuevo Receptor registrado: Andalucia Martinez Gomez	2025-08-04 07:44:24.438501+00	f	4
75	 Nuevo Receptor registrado: Andalucia Martinez Gomez	2025-08-04 07:44:24.441761+00	f	10
76	 Nuevo Receptor registrado: Andalucia Martinez Gomez	2025-08-04 07:44:24.446248+00	f	18
77	 Nuevo Receptor registrado: Andalucia Martinez Gomez	2025-08-04 07:44:24.449429+00	f	20
78	 Nuevo Voluntario registrado: Carlos Soto Campos	2025-08-04 07:46:30.02077+00	f	4
79	 Nuevo Voluntario registrado: Carlos Soto Campos	2025-08-04 07:46:30.030607+00	f	10
80	 Nuevo Voluntario registrado: Carlos Soto Campos	2025-08-04 07:46:30.075223+00	f	18
81	 Nuevo Voluntario registrado: Carlos Soto Campos	2025-08-04 07:46:30.113926+00	f	20
82	 Nuevo Voluntario registrado: Carlos Soto Campos	2025-08-04 07:46:30.176498+00	f	4
83	 Nuevo Voluntario registrado: Carlos Soto Campos	2025-08-04 07:46:30.177957+00	f	10
84	 Nuevo Voluntario registrado: Carlos Soto Campos	2025-08-04 07:46:30.179272+00	f	18
85	 Nuevo Voluntario registrado: Carlos Soto Campos	2025-08-04 07:46:30.180441+00	f	20
87	 Nuevo Voluntario registrado: Miguel Angel Franco	2025-08-04 07:47:13.562136+00	f	10
88	 Nuevo Voluntario registrado: Miguel Angel Franco	2025-08-04 07:47:13.564528+00	f	18
89	 Nuevo Voluntario registrado: Miguel Angel Franco	2025-08-04 07:47:13.56689+00	f	20
90	 Nuevo Voluntario registrado: Miguel Angel Franco	2025-08-04 07:47:13.574535+00	f	4
7	 Nuevo Donador registrado: Claudia Méndez	2025-08-03 04:44:08.105469+00	t	4
86	 Nuevo Voluntario registrado: Miguel Angel Franco	2025-08-04 07:47:13.556312+00	t	4
91	 Nuevo Voluntario registrado: Miguel Angel Franco	2025-08-04 07:47:13.575935+00	f	10
92	 Nuevo Voluntario registrado: Miguel Angel Franco	2025-08-04 07:47:13.598024+00	f	18
93	 Nuevo Voluntario registrado: Miguel Angel Franco	2025-08-04 07:47:13.599211+00	f	20
95	 Nuevo Donador registrado: Pedro Molino	2025-08-04 08:05:51.103997+00	f	10
96	 Nuevo Donador registrado: Pedro Molino	2025-08-04 08:05:51.106437+00	f	18
97	 Nuevo Donador registrado: Pedro Molino	2025-08-04 08:05:51.108826+00	f	20
98	 Nuevo Donador registrado: Pedro Molino	2025-08-04 08:05:51.117386+00	f	4
99	 Nuevo Donador registrado: Pedro Molino	2025-08-04 08:05:51.118733+00	f	10
100	 Nuevo Donador registrado: Pedro Molino	2025-08-04 08:05:51.120073+00	f	18
101	 Nuevo Donador registrado: Pedro Molino	2025-08-04 08:05:51.121327+00	f	20
11	 Nuevo Donador registrado: Raúl Sánchez	2025-08-03 04:44:31.027534+00	t	4
94	 Nuevo Donador registrado: Pedro Molino	2025-08-04 08:05:51.100351+00	t	4
\.


--
-- Data for Name: solicitudes_historialdonacion; Type: TABLE DATA; Schema: public; Owner: postgres
--

COPY public.solicitudes_historialdonacion (id, fecha, tipo, donador_id, publicacion_id, receptor_id) FROM stdin;
1	2025-08-04 05:02:04.976604+00	Actualizaciones	1	1	2
\.


--
-- Data for Name: solicitudes_solicitud; Type: TABLE DATA; Schema: public; Owner: postgres
--

COPY public.solicitudes_solicitud (id, fecha_solicitud, estado, comentarios, publicacion_id, receptor_id) FROM stdin;
1	2025-08-04 05:01:49.109419+00	4	Comentario de prueba para la publicacion1	1	2
2	2025-08-04 08:14:19.39378+00	1	Hola, quisieramos solicitar el cabrito para el refugio la fondita en TJ, apoyaremos en gastos, gracias.	5	2
\.


--
-- Data for Name: token_blacklist_blacklistedtoken; Type: TABLE DATA; Schema: public; Owner: postgres
--

COPY public.token_blacklist_blacklistedtoken (id, blacklisted_at, token_id) FROM stdin;
\.


--
-- Data for Name: token_blacklist_outstandingtoken; Type: TABLE DATA; Schema: public; Owner: postgres
--

COPY public.token_blacklist_outstandingtoken (id, token, created_at, expires_at, user_id, jti) FROM stdin;
1	eyJhbGciOiJIUzI1NiIsInR5cCI6IkpXVCJ9.eyJ0b2tlbl90eXBlIjoicmVmcmVzaCIsImV4cCI6MTc1NDI4NTAxMSwiaWF0IjoxNzU0MTk4NjExLCJqdGkiOiI1ODc2NGU4YzIxYWQ0NWM2YTVmMWMxNzFkZmFkMDg5YSIsInVzZXJfaWQiOiI1In0.yUcXBBiWSZQrJUtqCh4YgadBIn52IIWwiwky9INfUJ4	2025-08-03 05:23:31.543849+00	2025-08-04 05:23:31+00	5	58764e8c21ad45c6a5f1c171dfad089a
2	eyJhbGciOiJIUzI1NiIsInR5cCI6IkpXVCJ9.eyJ0b2tlbl90eXBlIjoicmVmcmVzaCIsImV4cCI6MTc1NDI4NTQzNSwiaWF0IjoxNzU0MTk5MDM1LCJqdGkiOiJhNTFmZjExNGU3ODI0ZTE2OWU5MDE2Y2ExYWIyYjI3MyIsInVzZXJfaWQiOiI1In0.QTedJ1nclC3zfin3neUwNm-PSKwCEMtqxQx0SKks2QY	2025-08-03 05:30:35.884454+00	2025-08-04 05:30:35+00	5	a51ff114e7824e169e9016ca1ab2b273
5	eyJhbGciOiJIUzI1NiIsInR5cCI6IkpXVCJ9.eyJ0b2tlbl90eXBlIjoicmVmcmVzaCIsImV4cCI6MTc1NDI4NTU5MywiaWF0IjoxNzU0MTk5MTkzLCJqdGkiOiIwNDI2ZTZjYmViM2U0MDVlODVmMDJiNDY5M2UwY2E1NSIsInVzZXJfaWQiOiI1In0.jLC5STlmI0ZjrIF71QW0myTVNtIPuXtdobwQW3i_UFs	2025-08-03 05:33:13.596599+00	2025-08-04 05:33:13+00	5	0426e6cbeb3e405e85f02b4693e0ca55
10	eyJhbGciOiJIUzI1NiIsInR5cCI6IkpXVCJ9.eyJ0b2tlbl90eXBlIjoicmVmcmVzaCIsImV4cCI6MTc1NDI4ODcwMiwiaWF0IjoxNzU0MjAyMzAyLCJqdGkiOiIyODk5M2ZjMWE4Yzk0NTlkOTc2ZWM5NWI0NjdkNGMyYyIsInVzZXJfaWQiOiI0In0.LHKmuF2GxYtgd91-E-VciENhU_GgZiayeFjXpVPQ-QQ	2025-08-03 06:25:02.034703+00	2025-08-04 06:25:02+00	4	28993fc1a8c9459d976ec95b467d4c2c
11	eyJhbGciOiJIUzI1NiIsInR5cCI6IkpXVCJ9.eyJ0b2tlbl90eXBlIjoicmVmcmVzaCIsImV4cCI6MTc1NDI4OTAwOSwiaWF0IjoxNzU0MjAyNjA5LCJqdGkiOiJhYzMxYTA1OTFiMGI0YjUyYTdlZGFjNGNjZDBhOWZmNyIsInVzZXJfaWQiOiI0In0.ALHew6iAXRVm4hXCZxl-2bQ8PdcvBw5AlMDYjpnY7UY	2025-08-03 06:30:09.231797+00	2025-08-04 06:30:09+00	4	ac31a0591b0b4b52a7edac4ccd0a9ff7
12	eyJhbGciOiJIUzI1NiIsInR5cCI6IkpXVCJ9.eyJ0b2tlbl90eXBlIjoicmVmcmVzaCIsImV4cCI6MTc1NDI4OTMyMywiaWF0IjoxNzU0MjAyOTIzLCJqdGkiOiI4NjVhYWI4NjFhZDI0MmUyYjc5Mjc1ZDMyODI3NTNlNiIsInVzZXJfaWQiOiI0In0.KPDSLnEd41muQna75nk5UwcgfuJMo2ku_FX23toULOU	2025-08-03 06:35:23.140785+00	2025-08-04 06:35:23+00	4	865aab861ad242e2b79275d3282753e6
13	eyJhbGciOiJIUzI1NiIsInR5cCI6IkpXVCJ9.eyJ0b2tlbl90eXBlIjoicmVmcmVzaCIsImV4cCI6MTc1NDI4OTQ3MCwiaWF0IjoxNzU0MjAzMDcwLCJqdGkiOiI3YzNjNDFhNmFhY2Q0ZDQzOGIzNzBmNGYxZWFlN2YwNCIsInVzZXJfaWQiOiI0In0.Y5WvuKoHoXZiKA0RTf1hTj5Zw71RvXeXFGPxO1mTY1c	2025-08-03 06:37:50.249004+00	2025-08-04 06:37:50+00	4	7c3c41a6aacd4d438b370f4f1eae7f04
14	eyJhbGciOiJIUzI1NiIsInR5cCI6IkpXVCJ9.eyJ0b2tlbl90eXBlIjoicmVmcmVzaCIsImV4cCI6MTc1NDI4OTU4MCwiaWF0IjoxNzU0MjAzMTgwLCJqdGkiOiI0MWE0Zjk2ODEyYTM0MWExYTZiYTY3YjEwNjkzZTFmMiIsInVzZXJfaWQiOiI0In0.PSCB0uj316irczHzlO1xgfkyV2XgtbIozhVHQshKeD8	2025-08-03 06:39:40.391365+00	2025-08-04 06:39:40+00	4	41a4f96812a341a1a6ba67b10693e1f2
15	eyJhbGciOiJIUzI1NiIsInR5cCI6IkpXVCJ9.eyJ0b2tlbl90eXBlIjoicmVmcmVzaCIsImV4cCI6MTc1NDI4OTkyMCwiaWF0IjoxNzU0MjAzNTIwLCJqdGkiOiJmMDJjNzAxN2E1MmQ0OWFjOGJhNDJhZjQxNTY4MWE3YyIsInVzZXJfaWQiOiI0In0.JmG96jrSYjseQ5MPuUPLgDj1whG4cH-yWwGECetqkKw	2025-08-03 06:45:20.370302+00	2025-08-04 06:45:20+00	4	f02c7017a52d49ac8ba42af415681a7c
16	eyJhbGciOiJIUzI1NiIsInR5cCI6IkpXVCJ9.eyJ0b2tlbl90eXBlIjoicmVmcmVzaCIsImV4cCI6MTc1NDI4OTk1MCwiaWF0IjoxNzU0MjAzNTUwLCJqdGkiOiI3M2ZjZDVjYzJhNGU0NTQ5YjVmMTEwODJhNDRhYjUzNSIsInVzZXJfaWQiOiI0In0.KpbKDWW3VoYzCvIx1BL4tpWszAL5BuOfwN1tTn-WCOE	2025-08-03 06:45:50.454936+00	2025-08-04 06:45:50+00	4	73fcd5cc2a4e4549b5f11082a44ab535
17	eyJhbGciOiJIUzI1NiIsInR5cCI6IkpXVCJ9.eyJ0b2tlbl90eXBlIjoicmVmcmVzaCIsImV4cCI6MTc1NDI5MDE0MCwiaWF0IjoxNzU0MjAzNzQwLCJqdGkiOiIwNjFiZGU0NTI3Njc0ZjVkOWViZjQwODQzNzdhMTM1OSIsInVzZXJfaWQiOiI0In0.UdpQA0ZHVy6MLet2avPQ22qRneJaj7EsEdI8xDv2SFQ	2025-08-03 06:49:00.839641+00	2025-08-04 06:49:00+00	4	061bde4527674f5d9ebf4084377a1359
18	eyJhbGciOiJIUzI1NiIsInR5cCI6IkpXVCJ9.eyJ0b2tlbl90eXBlIjoicmVmcmVzaCIsImV4cCI6MTc1NDI5MDM0NSwiaWF0IjoxNzU0MjAzOTQ1LCJqdGkiOiJhMDQ5NTQyYzIxNGI0NGI0YWQ1YjZlZGM0ZjE3NjFlZSIsInVzZXJfaWQiOiI0In0.WVVXGuwNSIMBGBIcPcVl4eTd6KYyv7O88YHIV_-4eVs	2025-08-03 06:52:25.748649+00	2025-08-04 06:52:25+00	4	a049542c214b44b4ad5b6edc4f1761ee
19	eyJhbGciOiJIUzI1NiIsInR5cCI6IkpXVCJ9.eyJ0b2tlbl90eXBlIjoicmVmcmVzaCIsImV4cCI6MTc1NDI5MDM1MywiaWF0IjoxNzU0MjAzOTUzLCJqdGkiOiJiYTM4MjY2NjE4NzI0NjExOWQ1ZjIyMmM1OGEyODUwNiIsInVzZXJfaWQiOiI0In0.tUyksABRQPe3CuGu5aHCIFnj2qm85KCPAA0bmvdCsQI	2025-08-03 06:52:33.132579+00	2025-08-04 06:52:33+00	4	ba382666187246119d5f222c58a28506
20	eyJhbGciOiJIUzI1NiIsInR5cCI6IkpXVCJ9.eyJ0b2tlbl90eXBlIjoicmVmcmVzaCIsImV4cCI6MTc1NDI5MDM2MiwiaWF0IjoxNzU0MjAzOTYyLCJqdGkiOiI3MWVjNGJhOGFkMzI0NzAyOWYxNWM0ZDdjZjlhODI3YSIsInVzZXJfaWQiOiI0In0.BdF-SGlRkbY5qhGznKEJOidRbGZ8RqWmP7qA1mQul9Y	2025-08-03 06:52:42.934707+00	2025-08-04 06:52:42+00	4	71ec4ba8ad3247029f15c4d7cf9a827a
21	eyJhbGciOiJIUzI1NiIsInR5cCI6IkpXVCJ9.eyJ0b2tlbl90eXBlIjoicmVmcmVzaCIsImV4cCI6MTc1NDI5MDM3MywiaWF0IjoxNzU0MjAzOTczLCJqdGkiOiJkMzhmNTFjZTlmZjE0M2FkOWM4M2VkYjg5Yjg0OWY4NyIsInVzZXJfaWQiOiI0In0.gHKzANDWCSik1rbZC2RxOQt_2fxCwjzgsBHFKX-_GBU	2025-08-03 06:52:53.802515+00	2025-08-04 06:52:53+00	4	d38f51ce9ff143ad9c83edb89b849f87
22	eyJhbGciOiJIUzI1NiIsInR5cCI6IkpXVCJ9.eyJ0b2tlbl90eXBlIjoicmVmcmVzaCIsImV4cCI6MTc1NDI5MDQ5NSwiaWF0IjoxNzU0MjA0MDk1LCJqdGkiOiJhNmEzNWQ5NDU0MzE0NTk0ODhmOThkMzY1ZDkwM2E1ZSIsInVzZXJfaWQiOiI0In0.yYxjYM3CFksqK6Yfod6-nHs8dgeJjm9C1pQ2fiHjAFU	2025-08-03 06:54:55.240145+00	2025-08-04 06:54:55+00	4	a6a35d945431459488f98d365d903a5e
23	eyJhbGciOiJIUzI1NiIsInR5cCI6IkpXVCJ9.eyJ0b2tlbl90eXBlIjoicmVmcmVzaCIsImV4cCI6MTc1NDI5MDYxOCwiaWF0IjoxNzU0MjA0MjE4LCJqdGkiOiI1MDliNGEwYzk0NGY0NjZiYmI2YzYyMzQ2ZTlmNTI5NiIsInVzZXJfaWQiOiIxMCJ9.LSvzQm8iFdcRkbrUGv0zqnXq4bfPd8sFimyuiQZeH6U	2025-08-03 06:56:58.793783+00	2025-08-04 06:56:58+00	10	509b4a0c944f466bbb6c62346e9f5296
24	eyJhbGciOiJIUzI1NiIsInR5cCI6IkpXVCJ9.eyJ0b2tlbl90eXBlIjoicmVmcmVzaCIsImV4cCI6MTc1NDI5MTMwNCwiaWF0IjoxNzU0MjA0OTA0LCJqdGkiOiIxMDI0MjNhMTAwYzQ0YTgwOWU5ZWIyNjNkMDNjMGFhYSIsInVzZXJfaWQiOiI1In0.9EucY4MI1nFAvXnxgo5BoKDadohsfeHVgBC4wbOXLj0	2025-08-03 07:08:24.73867+00	2025-08-04 07:08:24+00	5	102423a100c44a809e9eb263d03c0aaa
4	eyJhbGciOiJIUzI1NiIsInR5cCI6IkpXVCJ9.eyJ0b2tlbl90eXBlIjoicmVmcmVzaCIsImV4cCI6MTc1NDI4NTUwMCwiaWF0IjoxNzU0MTk5MTAwLCJqdGkiOiI0MDIxMmE0YjI2ZmE0ZjM1OTE1YjEwN2Q5MjQ2OWNhMyIsInVzZXJfaWQiOiI4In0.bvvQgujKjaOIgaNY538kukNO1KsBSqbI_GV2uPa48pI	2025-08-03 05:31:40.74411+00	2025-08-04 05:31:40+00	\N	40212a4b26fa4f35915b107d92469ca3
7	eyJhbGciOiJIUzI1NiIsInR5cCI6IkpXVCJ9.eyJ0b2tlbl90eXBlIjoicmVmcmVzaCIsImV4cCI6MTc1NDI4NTcwMiwiaWF0IjoxNzU0MTk5MzAyLCJqdGkiOiI3ZTVjZGU4YTk3YWQ0Y2M0ODU0NTJiNTEwYjM1Zjk3OCIsInVzZXJfaWQiOiI5In0.mUYfH_UJ5_ed61AWlFrjgrhC0pSOrl5Yne7akhgXFDw	2025-08-03 05:35:02.977433+00	2025-08-04 05:35:02+00	\N	7e5cde8a97ad4cc485452b510b35f978
8	eyJhbGciOiJIUzI1NiIsInR5cCI6IkpXVCJ9.eyJ0b2tlbl90eXBlIjoicmVmcmVzaCIsImV4cCI6MTc1NDI4NTc5OSwiaWF0IjoxNzU0MTk5Mzk5LCJqdGkiOiJhZDRkZjgzOWI5ZDA0ZWMzYWJiYjM0MmRkYTRkOGNmNiIsInVzZXJfaWQiOiI5In0.-6ucX7x3mXV3dv0T4oTARnV8g0I2CKM7CP_I4acMksg	2025-08-03 05:36:39.756245+00	2025-08-04 05:36:39+00	\N	ad4df839b9d04ec3abbb342dda4d8cf6
25	eyJhbGciOiJIUzI1NiIsInR5cCI6IkpXVCJ9.eyJ0b2tlbl90eXBlIjoicmVmcmVzaCIsImV4cCI6MTc1NDI5MTU4NywiaWF0IjoxNzU0MjA1MTg3LCJqdGkiOiJjMGZjNTYxNDg2NzQ0NjNiOTE5Zjg5MzkzNzY0OGJmNyIsInVzZXJfaWQiOiIxMCJ9.x9yWAE6GhOFSU7cTAp6Hnbnct5cIGw_B3dfxmD0oVRs	2025-08-03 07:13:07.314913+00	2025-08-04 07:13:07+00	10	c0fc56148674463b919f893937648bf7
26	eyJhbGciOiJIUzI1NiIsInR5cCI6IkpXVCJ9.eyJ0b2tlbl90eXBlIjoicmVmcmVzaCIsImV4cCI6MTc1NDI5MTU5NiwiaWF0IjoxNzU0MjA1MTk2LCJqdGkiOiJiYTkzNzdjMzEwM2E0NmRjYmM5ZTU2NzU2NWFkOGNhOCIsInVzZXJfaWQiOiIxMCJ9.D_1Ak83oinMH-hOeTO6NI2mdy2qMC_HBjBiIfqBMKYU	2025-08-03 07:13:16.835976+00	2025-08-04 07:13:16+00	10	ba9377c3103a46dcbc9e567565ad8ca8
27	eyJhbGciOiJIUzI1NiIsInR5cCI6IkpXVCJ9.eyJ0b2tlbl90eXBlIjoicmVmcmVzaCIsImV4cCI6MTc1NDI5MTU5NywiaWF0IjoxNzU0MjA1MTk3LCJqdGkiOiJjZmM5YzE0YjQ5YTQ0Mjg2YTUyMjQzNTg4Zjc3YTA0YiIsInVzZXJfaWQiOiIxMCJ9.R_R5iAShKZdTWNhALoysZU_11CkRKlEOI-21OlATb-U	2025-08-03 07:13:17.265419+00	2025-08-04 07:13:17+00	10	cfc9c14b49a44286a52243588f77a04b
28	eyJhbGciOiJIUzI1NiIsInR5cCI6IkpXVCJ9.eyJ0b2tlbl90eXBlIjoicmVmcmVzaCIsImV4cCI6MTc1NDI5MTU5OCwiaWF0IjoxNzU0MjA1MTk4LCJqdGkiOiIzYThmNjhiMGEzYmM0YjJiODNmZTNmODRjOGIxOWIzZSIsInVzZXJfaWQiOiIxMCJ9.juqdMTM1qKvYQlSLyV21ihG7JJoFLO19kjR5co8jVzg	2025-08-03 07:13:18.071305+00	2025-08-04 07:13:18+00	10	3a8f68b0a3bc4b2b83fe3f84c8b19b3e
29	eyJhbGciOiJIUzI1NiIsInR5cCI6IkpXVCJ9.eyJ0b2tlbl90eXBlIjoicmVmcmVzaCIsImV4cCI6MTc1NDI5MTYyMCwiaWF0IjoxNzU0MjA1MjIwLCJqdGkiOiI3NjA0Zjk1OTI3ZDQ0MDRlYTUwOWZmNjM2YzAwMDEyYiIsInVzZXJfaWQiOiI0In0.v8FomKIcWHTjtKUeRJ5eePo3wPms2gGR0kVZyvaWIRI	2025-08-03 07:13:40.818254+00	2025-08-04 07:13:40+00	4	7604f95927d4404ea509ff636c00012b
30	eyJhbGciOiJIUzI1NiIsInR5cCI6IkpXVCJ9.eyJ0b2tlbl90eXBlIjoicmVmcmVzaCIsImV4cCI6MTc1NDI5MTc0MSwiaWF0IjoxNzU0MjA1MzQxLCJqdGkiOiI3ZGVmMzU1NzMwNGI0YWQ4OGRhOWQ1ZGRiNzRiMzE1MiIsInVzZXJfaWQiOiIxMCJ9.S1KK0dM8eG2UHHDpEtzlOJNFUCJYOVvORWrWGywWH2c	2025-08-03 07:15:41.470152+00	2025-08-04 07:15:41+00	10	7def3557304b4ad88da9d5ddb74b3152
31	eyJhbGciOiJIUzI1NiIsInR5cCI6IkpXVCJ9.eyJ0b2tlbl90eXBlIjoicmVmcmVzaCIsImV4cCI6MTc1NDI5MTc2MiwiaWF0IjoxNzU0MjA1MzYyLCJqdGkiOiJiMGQ3YTBjZjRlMzE0YzcwYThhZmY4MzBjNDMwMjhiMSIsInVzZXJfaWQiOiI0In0.73nFKsphjtOjPZMqLzIX-eg7x75l9iaLkAKk5oTek04	2025-08-03 07:16:02.174272+00	2025-08-04 07:16:02+00	4	b0d7a0cf4e314c70a8aff830c43028b1
32	eyJhbGciOiJIUzI1NiIsInR5cCI6IkpXVCJ9.eyJ0b2tlbl90eXBlIjoicmVmcmVzaCIsImV4cCI6MTc1NDI5MjkyOCwiaWF0IjoxNzU0MjA2NTI4LCJqdGkiOiI3NGFjMWY2ZmQzYTI0YTM1YjUwZTlhMjE5YmU5NDIzYyIsInVzZXJfaWQiOiIxMCJ9.CeshYUJlzSka11EbA9kYBFd7QXMfJMQdLp5CzBIICkQ	2025-08-03 07:35:28.043751+00	2025-08-04 07:35:28+00	10	74ac1f6fd3a24a35b50e9a219be9423c
3	eyJhbGciOiJIUzI1NiIsInR5cCI6IkpXVCJ9.eyJ0b2tlbl90eXBlIjoicmVmcmVzaCIsImV4cCI6MTc1NDI4NTQ3NiwiaWF0IjoxNzU0MTk5MDc2LCJqdGkiOiI3NjQyY2RjY2VkMTc0MDY4OTNiNjIyYmI4YTE4NDczOCIsInVzZXJfaWQiOiI3In0._Cx8RW_fL6esfBiGJ0Vj0R1eBVb98MSU3fV2M8cHJRE	2025-08-03 05:31:16.727289+00	2025-08-04 05:31:16+00	\N	7642cdcced17406893b622bb8a184738
6	eyJhbGciOiJIUzI1NiIsInR5cCI6IkpXVCJ9.eyJ0b2tlbl90eXBlIjoicmVmcmVzaCIsImV4cCI6MTc1NDI4NTY0MiwiaWF0IjoxNzU0MTk5MjQyLCJqdGkiOiI3ZWQ5ZWYwZWQ2MTc0NGNkODc4OGI5N2ZjYWI3MjRhZiIsInVzZXJfaWQiOiI3In0.NNim6g9HWtuwprtjMWEpJFKe42kIy21NLX7mk5MrVWc	2025-08-03 05:34:02.140056+00	2025-08-04 05:34:02+00	\N	7ed9ef0ed61744cd8788b97fcab724af
9	eyJhbGciOiJIUzI1NiIsInR5cCI6IkpXVCJ9.eyJ0b2tlbl90eXBlIjoicmVmcmVzaCIsImV4cCI6MTc1NDI4NTc5OSwiaWF0IjoxNzU0MTk5Mzk5LCJqdGkiOiIwYzY5MTMxOWRkMDI0MTg5OGZjZDJhZjg4OTkzMDFkOSIsInVzZXJfaWQiOiI5In0.uZKMvhgikuBe_lefplptWdnvVQz-fABlCfwo8RM7ReI	2025-08-03 05:36:39.821143+00	2025-08-04 05:36:39+00	\N	0c691319dd0241898fcd2af8899301d9
33	eyJhbGciOiJIUzI1NiIsInR5cCI6IkpXVCJ9.eyJ0b2tlbl90eXBlIjoicmVmcmVzaCIsImV4cCI6MTc1NDI5NTYyNywiaWF0IjoxNzU0MjA5MjI3LCJqdGkiOiI1YzZhNWFhMzc5NjE0MDZjODcyNTk3N2M3OWExYTBjMSIsInVzZXJfaWQiOiIxMCJ9.iDEkyG9EdfmSylmH-1exdkfIdwTuK8wyuf-E3nL3LcI	2025-08-03 08:20:27.680647+00	2025-08-04 08:20:27+00	10	5c6a5aa37961406c8725977c79a1a0c1
34	eyJhbGciOiJIUzI1NiIsInR5cCI6IkpXVCJ9.eyJ0b2tlbl90eXBlIjoicmVmcmVzaCIsImV4cCI6MTc1NDI5NTcwNywiaWF0IjoxNzU0MjA5MzA3LCJqdGkiOiIxMGI4Mzk3NTBlMTA0ODU5OWQ4NTQxZDViYjkxODc2NiIsInVzZXJfaWQiOiIxMCJ9.F736w4XMC9eRkZf_tVWNzCanXNBtIWucNot89k_P7C8	2025-08-03 08:21:47.860404+00	2025-08-04 08:21:47+00	10	10b839750e1048599d8541d5bb918766
35	eyJhbGciOiJIUzI1NiIsInR5cCI6IkpXVCJ9.eyJ0b2tlbl90eXBlIjoicmVmcmVzaCIsImV4cCI6MTc1NDI5NTc4NSwiaWF0IjoxNzU0MjA5Mzg1LCJqdGkiOiI4Mjg4NDllM2Q4NWQ0MjRmYjEwMTViYjU0ZWU1MWQ4OCIsInVzZXJfaWQiOiIxMCJ9.tmZDOAVPgLMNdrG1GtP_TnVvStcg3kvft9fyfuc2Pdw	2025-08-03 08:23:05.976776+00	2025-08-04 08:23:05+00	10	828849e3d85d424fb1015bb54ee51d88
36	eyJhbGciOiJIUzI1NiIsInR5cCI6IkpXVCJ9.eyJ0b2tlbl90eXBlIjoicmVmcmVzaCIsImV4cCI6MTc1NDI5NTgzNCwiaWF0IjoxNzU0MjA5NDM0LCJqdGkiOiI4MWFmZTQ5NGVlNmE0YTJkOTEyOGI0YWNjZDYwYWQ3YyIsInVzZXJfaWQiOiIxMCJ9.8AfaqWhwz46ZBpVYEqMrYcmSv-lFjHfCnhrcRmISRB8	2025-08-03 08:23:54.872945+00	2025-08-04 08:23:54+00	10	81afe494ee6a4a2d9128b4accd60ad7c
37	eyJhbGciOiJIUzI1NiIsInR5cCI6IkpXVCJ9.eyJ0b2tlbl90eXBlIjoicmVmcmVzaCIsImV4cCI6MTc1NDI5NTgzNywiaWF0IjoxNzU0MjA5NDM3LCJqdGkiOiI4ODY0MTY3NzIxZmY0NzFkOTJmM2ZiNmVkNmExYTk4NyIsInVzZXJfaWQiOiIxMCJ9.E2b1sZTIHTNCCQNBqc_YZ7Q0YgabsCahY19RLlxVXF8	2025-08-03 08:23:57.25303+00	2025-08-04 08:23:57+00	10	8864167721ff471d92f3fb6ed6a1a987
38	eyJhbGciOiJIUzI1NiIsInR5cCI6IkpXVCJ9.eyJ0b2tlbl90eXBlIjoicmVmcmVzaCIsImV4cCI6MTc1NDI5NTkwNywiaWF0IjoxNzU0MjA5NTA3LCJqdGkiOiJiMDY1ZWE2MTFkMDc0NzhhOTkwZjZkMmZiNjIzMmU1YiIsInVzZXJfaWQiOiIxMCJ9.KoFiFLnKIphClBfpZU5CAXlFKccjza-SVUFugJg8yYg	2025-08-03 08:25:07.18484+00	2025-08-04 08:25:07+00	10	b065ea611d07478a990f6d2fb6232e5b
39	eyJhbGciOiJIUzI1NiIsInR5cCI6IkpXVCJ9.eyJ0b2tlbl90eXBlIjoicmVmcmVzaCIsImV4cCI6MTc1NDI5NTkwNywiaWF0IjoxNzU0MjA5NTA3LCJqdGkiOiJlYTM3MjYyMjAwZmM0ZTE4OWNhOGQ3ZGM4ZTE5M2YzMCIsInVzZXJfaWQiOiIxMCJ9.mixZ0UggFkaUY5v0PmkRclUwUdoWicBj0ZHHaXv_FSc	2025-08-03 08:25:07.341066+00	2025-08-04 08:25:07+00	10	ea37262200fc4e189ca8d7dc8e193f30
40	eyJhbGciOiJIUzI1NiIsInR5cCI6IkpXVCJ9.eyJ0b2tlbl90eXBlIjoicmVmcmVzaCIsImV4cCI6MTc1NDM2MjE2MywiaWF0IjoxNzU0Mjc1NzYzLCJqdGkiOiI4NGZiZjc1MWVhNmY0YTAyODcyZmIyYzljYzcyNGY2ZiIsInVzZXJfaWQiOiIxMCJ9.cqfkfTNXM7kfx2BS2AwyES4Fy55YapyXDfnP7yUZeNM	2025-08-04 02:49:23.861576+00	2025-08-05 02:49:23+00	10	84fbf751ea6f4a02872fb2c9cc724f6f
41	eyJhbGciOiJIUzI1NiIsInR5cCI6IkpXVCJ9.eyJ0b2tlbl90eXBlIjoicmVmcmVzaCIsImV4cCI6MTc1NDM3MTk2OSwiaWF0IjoxNzU0Mjg1NTY5LCJqdGkiOiI5ZGEwMzgzNGI2M2Q0MmNlOTcwYjE0YmM1NGQ1NWI0YSIsInVzZXJfaWQiOiIxOCJ9.qkQmmyLo15dvG8bMy6FgeGggXulZ26oDz-AO951mcLE	2025-08-04 05:32:49.324012+00	2025-08-05 05:32:49+00	18	9da03834b63d42ce970b14bc54d55b4a
42	eyJhbGciOiJIUzI1NiIsInR5cCI6IkpXVCJ9.eyJ0b2tlbl90eXBlIjoicmVmcmVzaCIsImV4cCI6MTc1NDM3ODgzMSwiaWF0IjoxNzU0MjkyNDMxLCJqdGkiOiIzZTJhZGJmMzdjYTU0NjM2OGRkNTVlNThjMjRmMjc2ZiIsInVzZXJfaWQiOiIxNSJ9.yT6YWPSFfdGsoRSTbtvb4s8HK9bcZYPa9NCmyhb0O2I	2025-08-04 07:27:11.154584+00	2025-08-05 07:27:11+00	15	3e2adbf37ca546368dd55e58c24f276f
43	eyJhbGciOiJIUzI1NiIsInR5cCI6IkpXVCJ9.eyJ0b2tlbl90eXBlIjoicmVmcmVzaCIsImV4cCI6MTc1NDM3ODg0OSwiaWF0IjoxNzU0MjkyNDQ5LCJqdGkiOiI3YmM4ZGIwODJkY2I0NTQ1ODA3MWE5ZmRiZDdmMzdiZSIsInVzZXJfaWQiOiIxNSJ9.tOKNU-0Xc3z2geFZILKPC8hllCTpGc3btyFmyOJiKMQ	2025-08-04 07:27:29.74817+00	2025-08-05 07:27:29+00	15	7bc8db082dcb45458071a9fdbd7f37be
44	eyJhbGciOiJIUzI1NiIsInR5cCI6IkpXVCJ9.eyJ0b2tlbl90eXBlIjoicmVmcmVzaCIsImV4cCI6MTc1NDM3ODg3MCwiaWF0IjoxNzU0MjkyNDcwLCJqdGkiOiJlMTRmOWJjZThiOWU0Y2I3Yjg1MjM5OTI3ZTY0NzA1NyIsInVzZXJfaWQiOiIxMCJ9.J9YhhrfzcX0YH1dYyKJ_PSedF8g-arNdoacpfiIpBcY	2025-08-04 07:27:50.023018+00	2025-08-05 07:27:50+00	10	e14f9bce8b9e4cb7b85239927e647057
45	eyJhbGciOiJIUzI1NiIsInR5cCI6IkpXVCJ9.eyJ0b2tlbl90eXBlIjoicmVmcmVzaCIsImV4cCI6MTc1NDM3OTE3NCwiaWF0IjoxNzU0MjkyNzc0LCJqdGkiOiJiMGMyMDUwMzllYjk0NmIyYjQzZTI3NTg4MTQxNzliMSIsInVzZXJfaWQiOiIyMCJ9.ozo6VoIykbBGEgY6htpmLUGMVxXH1C4AIuJGI_5Oi7I	2025-08-04 07:32:54.695468+00	2025-08-05 07:32:54+00	20	b0c205039eb946b2b43e2758814179b1
\.


--
-- Data for Name: usuarios_administrador; Type: TABLE DATA; Schema: public; Owner: postgres
--

COPY public.usuarios_administrador (id, nombre, correo, password, fecha_registro, activo) FROM stdin;
1	Vanessa Balderas	balderasvanessa@gmail.com	pbkdf2_sha256$1000000$w8JODx1RVf1qCsQ5rC3t3N$FkIU7pRxAuCC7hpM/Pmww4O3P7NHbbm+ft4pKNqYX9A=	2025-08-03 04:21:08.894466+00	t
2	Mariela Higuera	higueramariela@gmail.com	pbkdf2_sha256$1000000$g5qV1AASYbY60v4Vz9KOcl$GJmvXRteIzlB+vNcu1xDbUmOJ4P+0KBXvvvRqgCzjes=	2025-08-03 06:56:31.584018+00	t
3	Isaac Deguerrerosio	deguerrerosio@gmail.com	pbkdf2_sha256$1000000$Y5OFJwzIEi72YOvYqvyDzt$Hs8+kTUeEQz4bSnOdi5uNHoR08F9EOzPvfFf7cbZVAY=	2025-08-04 05:31:27.68047+00	t
4	Arturo Muñoz	munozarturo@gmail.com	pbkdf2_sha256$1000000$uzpnMJHqoYTlxLelcCI867$W+suB68J3B2GwhbFQVamRBbbYJuWZCiMg8/e9NQ/RGw=	2025-08-04 07:32:08.934881+00	t
\.


--
-- Data for Name: usuarios_donador; Type: TABLE DATA; Schema: public; Owner: postgres
--

COPY public.usuarios_donador (id, nombre_lugar, representante, telefono, descripcion, horario_apertura, horario_cierre, usuario_id) FROM stdin;
6	Amor Vegano	Carmen Salinas Diaz	6634231243	Restaurante de comida vegana	13:00:00	21:00:00	21
2	Panadería El Buen Pan	Claudia Méndez	6642223232	Ofrecemos panes y bollería recién horneados todos los días.	07:00:00	15:00:00	6
1	Cocina de Amor	Carla Mendoza	555-123-45672	Donamos alimentos frescos diariamente	09:00:00	15:00:00	5
5	El buen sazón	Santiago Perez	6642353423	Comida con sabor casero	14:00:00	21:00:00	15
4	El mordisco de la serpiente	Miguel Angel Franco	6643323465	Restaurante con influencia asiatica y tailandesa	15:00:00	02:00:00	11
7	Restaurante La Silla	Karla Gutierrez	6643424343	Comida Norteña hecha por y para norteños Ajua	18:00:00	14:00:00	26
\.


--
-- Data for Name: usuarios_logsistema; Type: TABLE DATA; Schema: public; Owner: postgres
--

COPY public.usuarios_logsistema (id, fecha, usuario, accion, detalle) FROM stdin;
1	2025-08-03 04:33:55.007799+00	sistema	Creación de donador	Se creó el donador "Cocina de Amor" con ID 1.
2	2025-08-03 04:44:08.182028+00	sistema	Creación de donador	Se creó el donador "Panadería El Buen Pan" con ID 2.
3	2025-08-03 04:44:31.164146+00	sistema	Creación de donador	Se creó el donador "Frutería La Huerta" con ID 3.
4	2025-08-03 04:48:46.699766+00	sistema	Creación de sucursal	Se creó la sucursal "Sucursal Centro" con ID 1.
5	2025-08-03 04:50:39.910717+00	sistema	Creación de sucursal	Se creó la sucursal "Sucursal Frutería La Huerta" con ID 2.
6	2025-08-03 04:52:01.294989+00	sistema	Creación de sucursal	Se creó la sucursal "Amour Cuisine" con ID 3.
7	2025-08-03 05:11:59.735573+00	sistema	Creación de publicación	Se creó la publicación "Comidas completas para familias" con ID 1.
8	2025-08-03 05:12:14.792409+00	sistema	Creación de publicación	Se creó la publicación "Pan dulce recién horneado" con ID 2.
9	2025-08-03 05:13:59.759958+00	sistema	Creación de receptor	Se creó el receptor "Refugio San Juan" con ID 1.
10	2025-08-03 05:14:53.820345+00	sistema	Creación de voluntario	Se creó el voluntario "Karen López" con ID 1.
11	2025-08-03 05:38:11.613454+00	sistema	Edición de donador	Se actualizó el donador "Panadería El Buen Pan" (ID 2).
12	2025-08-03 05:38:24.868393+00	sistema	Edición de zona	Se actualizó la zona "El Rubí (INACTIVA)" (ID 6).
13	2025-08-03 07:49:51.196149+00	sistema	Creación de donador	Se creó el donador "El mordisco de la serpiente" con ID 4.
14	2025-08-03 07:58:17.240915+00	sistema	Edición de donador	Se actualizó el donador "Panadería El Buen Pan!!!" (ID 2).
15	2025-08-03 07:58:25.826301+00	sistema	Edición de donador	Se actualizó el donador "Cocina de Amor" (ID 1).
16	2025-08-03 08:11:26.558648+00	sistema	Edición de donador	Se actualizó el donador "Panadería El Buen Pan!!!" (ID 2).
17	2025-08-03 08:14:32.861492+00	sistema	Creación de receptor	Se creó el receptor "Prueba" con ID 2.
18	2025-08-03 08:14:56.669716+00	sistema	Creación de voluntario	Se creó el voluntario "voluntarioprueba" con ID 2.
19	2025-08-03 08:18:47.076318+00	sistema	Eliminación de sucursal	Se eliminó la sucursal "Sucursal Frutería La Huerta" (ID 2).
20	2025-08-03 08:18:47.078924+00	sistema	Eliminación de donador	Se eliminó el donador "Frutería La Huerta" (ID 3).
21	2025-08-03 08:18:58.992314+00	sistema	Eliminación de receptor	Se eliminó el receptor "Refugio San Juan" (ID 1).
22	2025-08-03 08:19:09.09391+00	sistema	Eliminación de voluntario	Se eliminó el voluntario "Karen López" (ID 1).
23	2025-08-03 08:25:53.638019+00	sistema	Creación de voluntario	Se creó el voluntario "pROBANDOVOLUNTARIO2" con ID 3.
24	2025-08-03 08:26:08.077328+00	sistema	Eliminación de voluntario	Se eliminó el voluntario "voluntarioprueba" (ID 2).
25	2025-08-04 02:50:03.489481+00	sistema	Creación de donador	Se creó el donador "DonadorNuevecito" con ID 5.
26	2025-08-04 02:50:35.177867+00	sistema	Creación de receptor	Se creó el receptor "ReceptorNuevecito" con ID 3.
27	2025-08-04 02:50:59.553726+00	sistema	Creación de voluntario	Se creó el voluntario "VoluntarioNuevecito" con ID 4.
28	2025-08-04 02:51:22.256845+00	sistema	Edición de receptor	Se actualizó el receptor "ReceptorNuevecito" (ID 3).
29	2025-08-04 02:51:38.793143+00	sistema	Edición de donador	Se actualizó el donador "DonadorNuevecito" (ID 5).
30	2025-08-04 02:51:51.668511+00	sistema	Edición de voluntario	Se actualizó el voluntario "VoluntarioNuevecito" (ID 4).
31	2025-08-04 02:53:02.063181+00	sistema	Edición de publicación	Se actualizó la publicación "Comidas completas para familias" (ID 1).
32	2025-08-04 02:53:34.129575+00	sistema	Edición de publicación	Se actualizó la publicación "Pan dulce recién horneado" (ID 2).
33	2025-08-04 02:54:06.453167+00	sistema	Creación de publicación	Se creó la publicación "PublicacionNuevecita" con ID 3.
34	2025-08-04 02:54:22.872785+00	sistema	Edición de publicación	Se actualizó la publicación "PublicacionNuevecita" (ID 3).
35	2025-08-04 02:54:37.694116+00	sistema	Edición de publicación	Se actualizó la publicación "PublicacionNuevecita" (ID 3).
36	2025-08-04 05:00:45.283876+00	sistema	Creación de publicación	Se creó la publicación "PublicacionNuevecita2" con ID 4.
37	2025-08-04 05:00:54.8943+00	sistema	Edición de publicación	Se actualizó la publicación "PublicacionNuevecita2" (ID 4).
38	2025-08-04 05:01:06.70475+00	sistema	Edición de publicación	Se actualizó la publicación "PublicacionNuevecita2" (ID 4).
39	2025-08-04 05:01:49.117123+00	sistema	Creación de solicitud	Se creó una solicitud asociada a publicación ID 1 (Solicitud ID 1).
40	2025-08-04 05:02:04.85537+00	sistema	Edición de solicitud	Se actualizó la solicitud ID 1 asociada a publicación ID 1.
41	2025-08-04 05:02:20.19872+00	sistema	Eliminación de publicación	Se eliminó la publicación "PublicacionNuevecita2" (ID 4).
42	2025-08-04 05:06:12.37725+00	sistema	Creación de zona	Se creó la zona "Lucio Blanco - FOI" con ID 15.
43	2025-08-04 05:06:27.208123+00	sistema	Edición de donador	Se actualizó el donador "Panadería El Buen Pan" (ID 2).
44	2025-08-04 05:07:16.118846+00	sistema	Edición de publicación	Se actualizó la publicación "PublicacionNuevecita" (ID 3).
45	2025-08-04 05:07:31.621223+00	sistema	Edición de zona	Se actualizó la zona "El Rubí" (ID 6).
46	2025-08-04 05:07:41.72051+00	sistema	Edición de zona	Se actualizó la zona "Playas de Tijuana (INACTIVA)" (ID 4).
47	2025-08-04 05:37:41.950638+00	sistema	Creación de voluntario	Se creó el voluntario "todoenmivida" con ID 5.
48	2025-08-04 06:18:01.78561+00	sistema	Edición de sucursal	Se actualizó la sucursal "Amour Cuisine (inactiva)" (ID 3).
49	2025-08-04 07:41:36.693904+00	sistema	Creación de donador	Se creó el donador "Amor Vegano" con ID 6.
50	2025-08-04 07:44:24.369671+00	sistema	Creación de receptor	Se creó el receptor "Refugio Luz de Vida" con ID 4.
51	2025-08-04 07:44:40.550033+00	sistema	Edición de receptor	Se actualizó el receptor "Refugio Luz de Vida" (ID 4).
52	2025-08-04 07:46:30.172925+00	sistema	Creación de voluntario	Se creó el voluntario "Carlos Soto Campos" con ID 6.
53	2025-08-04 07:47:13.570816+00	sistema	Creación de voluntario	Se creó el voluntario "Miguel Angel Franco" con ID 7.
54	2025-08-04 07:47:59.994323+00	sistema	Edición de receptor	Se actualizó el receptor "Refugio Luz de Vida" (ID 4).
55	2025-08-04 07:48:18.256802+00	sistema	Edición de voluntario	Se actualizó el voluntario "Carlos Soto Campos" (ID 6).
56	2025-08-04 07:48:35.352037+00	sistema	Edición de receptor	Se actualizó el receptor "Refugio Luz de Vida" (ID 4).
57	2025-08-04 07:48:39.651102+00	sistema	Edición de voluntario	Se actualizó el voluntario "Carlos Soto Campos" (ID 6).
58	2025-08-04 07:48:47.817273+00	sistema	Edición de donador	Se actualizó el donador "Panadería El Buen Pan" (ID 2).
59	2025-08-04 07:48:57.99198+00	sistema	Edición de donador	Se actualizó el donador "Cocina de Amor" (ID 1).
60	2025-08-04 07:49:49.108171+00	sistema	Edición de donador	Se actualizó el donador "El buen sazón" (ID 5).
61	2025-08-04 07:50:04.679916+00	sistema	Edición de donador	Se actualizó el donador "El mordisco de la serpiente" (ID 4).
62	2025-08-04 07:51:18.830704+00	sistema	Edición de receptor	Se actualizó el receptor "La fondita" (ID 2).
63	2025-08-04 07:51:35.462139+00	sistema	Edición de voluntario	Se actualizó el voluntario "todoenmivida" (ID 5).
64	2025-08-04 07:51:47.461878+00	sistema	Edición de voluntario	Se actualizó el voluntario "pROBANDOVOLUNTARIO2" (ID 3).
65	2025-08-04 07:52:24.560884+00	sistema	Edición de voluntario	Se actualizó el voluntario "Carlos Soto Campos" (ID 6).
66	2025-08-04 07:55:11.875358+00	sistema	Edición de voluntario	Se actualizó el voluntario "Carlos Soto Campos" (ID 6).
67	2025-08-04 07:55:25.305257+00	sistema	Edición de zona	Se actualizó la zona "Otay Universidad (INACTIVA)" (ID 3).
68	2025-08-04 07:56:02.718898+00	sistema	Eliminación de voluntario	Se eliminó el voluntario "todoenmivida" (ID 5).
69	2025-08-04 07:59:01.029659+00	sistema	Creación de zona	Se creó la zona "Parque Fundidora" con ID 16.
70	2025-08-04 08:00:00.08995+00	sistema	Edición de zona	Se actualizó la zona "Centro (INACTIVA)" (ID 2).
71	2025-08-04 08:00:12.204122+00	sistema	Edición de zona	Se actualizó la zona "Centro (INACTIVA)" (ID 2).
72	2025-08-04 08:00:50.544345+00	sistema	Edición de zona	Se actualizó la zona "El Rubí (inactiva)" (ID 6).
73	2025-08-04 08:01:02.512446+00	sistema	Edición de zona	Se actualizó la zona "El Rubí" (ID 6).
74	2025-08-04 08:01:02.636839+00	sistema	Edición de zona	Se actualizó la zona "El Rubí" (ID 6).
75	2025-08-04 08:01:09.097718+00	sistema	Edición de zona	Se actualizó la zona "El Rubí" (ID 6).
76	2025-08-04 08:01:19.14083+00	sistema	Edición de zona	Se actualizó la zona "El Rubí (inactiva)" (ID 6).
77	2025-08-04 08:05:51.11281+00	sistema	Creación de donador	Se creó el donador "Restaurante La Silla" con ID 7.
78	2025-08-04 08:07:28.992163+00	sistema	Creación de sucursal	Se creó la sucursal "La silla monterrey" con ID 4.
79	2025-08-04 08:08:33.368877+00	sistema	Creación de sucursal	Se creó la sucursal "La silla TJ" con ID 5.
80	2025-08-04 08:08:33.412412+00	sistema	Creación de sucursal	Se creó la sucursal "La silla TJ" con ID 6.
81	2025-08-04 08:08:49.374294+00	sistema	Eliminación de sucursal	Se eliminó la sucursal "La silla TJ" (ID 6).
82	2025-08-04 08:11:04.66504+00	sistema	Edición de donador	Se actualizó el donador "Restaurante La Silla" (ID 7).
83	2025-08-04 08:12:14.756702+00	sistema	Creación de publicación	Se creó la publicación "Cabrito asado estilo Monterrey – Raciones completas" con ID 5.
84	2025-08-04 08:12:36.663498+00	sistema	Edición de publicación	Se actualizó la publicación "Cabrito asado estilo Monterrey – Raciones completas" (ID 5).
85	2025-08-04 08:13:27.896103+00	sistema	Edición de publicación	Se actualizó la publicación "Cabrito asado estilo Monterrey – Raciones completas" (ID 5).
86	2025-08-04 08:14:19.398925+00	sistema	Creación de solicitud	Se creó una solicitud asociada a publicación ID 5 (Solicitud ID 2).
\.


--
-- Data for Name: usuarios_receptor; Type: TABLE DATA; Schema: public; Owner: postgres
--

COPY public.usuarios_receptor (id, nombre_lugar, encargado, telefono, direccion, capacidad, horario_apertura, horario_cierre, usuario_id) FROM stdin;
3	ReceptorNuevecito	ReceptorNuevecito	ReceptorNuevecitoNEW	ReceptorNuevecito1	200	11:00:00	19:00:00	16
4	Refugio Luz de Vida	Samantha Villareal	6644313236	Av. Los montes de oca #542, colonia Talleres	100	07:00:00	15:00:00	22
2	La fondita	José Andrea Sánchez	6643452485	Av. Alicante #5434 colonia Rumorosa	100	13:00:00	23:00:00	12
\.


--
-- Data for Name: usuarios_rol; Type: TABLE DATA; Schema: public; Owner: postgres
--

COPY public.usuarios_rol (id, nombre) FROM stdin;
1	Donador
2	Receptor
3	Voluntario
4	Administrador
\.


--
-- Data for Name: usuarios_usuario; Type: TABLE DATA; Schema: public; Owner: postgres
--

COPY public.usuarios_usuario (id, password, last_login, is_superuser, nombre, correo, fecha_registro, activo, is_staff, is_active, rol_id) FROM stdin;
4	pbkdf2_sha256$1000000$w8JODx1RVf1qCsQ5rC3t3N$FkIU7pRxAuCC7hpM/Pmww4O3P7NHbbm+ft4pKNqYX9A=	\N	t	Vanessa Balderas	balderasvanessa@gmail.com	2025-08-03 04:21:07.096221+00	t	t	t	4
10	pbkdf2_sha256$1000000$g5qV1AASYbY60v4Vz9KOcl$GJmvXRteIzlB+vNcu1xDbUmOJ4P+0KBXvvvRqgCzjes=	\N	t	Mariela Higuera	higueramariela@gmail.com	2025-08-03 06:56:30.182122+00	t	t	t	4
22	pbkdf2_sha256$1000000$wwOGHFP6nrk67qQeing0aj$29AAPpKZpQUFlq9ScAxWra9eOlaZ7HnMQ/byd+VRjqc=	\N	f	Andalucia Martinez Gomez	refugio@gmail.com	2025-08-04 07:44:22.042325+00	t	f	t	2
13	pbkdf2_sha256$1000000$lrUe2dJtQYTxaveMgxUwIC$OSlhXvz0P/kqoUqONpLEf2v+jWxDrZb6veFNNW/0eV0=	\N	f	voluntarioprueba	voluntarioprueba@gmail.com	2025-08-03 08:14:55.345558+00	f	f	t	3
16	pbkdf2_sha256$1000000$ahtjfSqTCnSr6es75I1Iaz$iTtRRnihmjGZAhjzdxwQLz4aTO7VUDUSxH+4xcqEQ4Q=	\N	f	ReceptorNuevecito	ReceptorNuevecito@gmail.com	2025-08-04 02:50:33.739627+00	f	f	t	2
17	pbkdf2_sha256$1000000$j9R333jDaBJwu2ZN9xpP3d$ssE/Tfwy+ZMMdRLENAjRtRqPvziEEkmOJCrHnN6kfnc=	\N	f	VoluntarioNuevecito	VoluntarioNuevecito@gmail.com	2025-08-04 02:50:57.991653+00	f	f	t	3
18	pbkdf2_sha256$1000000$Y5OFJwzIEi72YOvYqvyDzt$Hs8+kTUeEQz4bSnOdi5uNHoR08F9EOzPvfFf7cbZVAY=	\N	t	Isaac Deguerrerosio	deguerrerosio@gmail.com	2025-08-04 05:31:25.759883+00	t	t	t	4
20	pbkdf2_sha256$1000000$uzpnMJHqoYTlxLelcCI867$W+suB68J3B2GwhbFQVamRBbbYJuWZCiMg8/e9NQ/RGw=	\N	t	Arturo Muñoz	munozarturo@gmail.com	2025-08-04 07:32:07.693359+00	t	t	t	4
21	pbkdf2_sha256$1000000$hsG8RjwZkVKfjQqJ55wklW$YDhjDWS0dLY+VtJRBZzFGjj4KrZrl25IGIMo2ADRBqo=	\N	f	Julio Cruz Mendoza	amorvegano@administracion.com	2025-08-04 07:41:35.380622+00	t	f	t	1
25	pbkdf2_sha256$1000000$jn5aEs0veg7pmoPlKfHXt6$8zSkGkjSo9vibNvMQJwo25RSNaP2UnBZLZTZWq2rDP4=	\N	f	Miguel Angel Franco	miguelfranco@gmail.com	2025-08-04 07:47:12.17465+00	t	f	t	3
6	pbkdf2_sha256$1000000$6yW3ruFGEpLguHc6GRfyMX$MzzF8SAh73oVtNwIi9m4y0aZU8SZ1+MP012rV8hl8Nc=	\N	f	Claudia Méndez	claudia@elbuenpan.com	2025-08-03 04:44:06.062357+00	f	f	t	1
5	pbkdf2_sha256$1000000$uteKVpXtTFmyin5BAiPcBF$6fxqn7aIba5NKvTTdCKi1FKeFRo7KnF6L87UfR4hzcs=	\N	f	Cocina de Amor	donador@donaapp.com	2025-08-03 04:33:53.33714+00	f	f	t	1
15	pbkdf2_sha256$1000000$dlNdV1JuyGUrMS3R9rfIal$GgXavpzqO/WgwVVCw4SUf54cLh1lXQcdzrA0ls88w7s=	\N	f	DonadorNuevecito	DonadorNuevecito@gmail.com	2025-08-04 02:50:02.011633+00	t	f	t	1
11	pbkdf2_sha256$1000000$EZTOZ98nuX1vNJeC8YQbvs$xpmtx/nFukiAMPkUiklr5gPXJLHpVQTmfmtZbtf8XC4=	\N	f	Israel Ramos	saurom1@gmail.com	2025-08-03 07:49:49.799118+00	t	f	t	1
12	pbkdf2_sha256$1000000$nBjlLxqcYXGHFJUOnsjfZl$W5BHZDKrlid++EFB59NtCY9bhUNntriafn4ZROrwlSM=	\N	f	Receptorprueba	Receptorprueba@gmail.com	2025-08-03 08:14:31.641995+00	f	f	t	2
14	pbkdf2_sha256$1000000$fkXLi9Tt3zWWRdCoah5Mro$/UsQH8BSowzbsIxq4RZZ1axrc7HSGyo+u9yA30B+W6w=	\N	f	pROBANDOVOLUNTARIO2	voluntario2@gmail.com	2025-08-03 08:25:52.191279+00	t	f	t	3
23	pbkdf2_sha256$1000000$adR3S2BvxFgW4qK04ImEE2$H3mrNH1UUgLYrYn5X2DSYRRPCNQdw3PEcQXHqamfR7M=	\N	f	Carlos Soto Campos	carlossotocampos@gmail.com	2025-08-04 07:46:28.66086+00	t	f	t	3
19	pbkdf2_sha256$1000000$in2OMNe0iG631WAqdcmFVl$jnWzDj5mGDJIxsa+EHhpG30j0QuWsFdP6WpKVa3HRdM=	\N	f	todoenmivida	todoenmivida@gmail.com	2025-08-04 05:37:39.770537+00	f	f	t	3
26	pbkdf2_sha256$1000000$nvwuuyIqYtEzk5moYmFPWk$SMqIPOdIysfHGKIM5cnHlIPExtY9auT4RwjVWbXNwWw=	\N	f	Pedro Molino	lasilla@administracion.com	2025-08-04 08:05:49.769683+00	t	f	t	1
\.


--
-- Data for Name: usuarios_usuario_groups; Type: TABLE DATA; Schema: public; Owner: postgres
--

COPY public.usuarios_usuario_groups (id, usuario_id, group_id) FROM stdin;
\.


--
-- Data for Name: usuarios_usuario_user_permissions; Type: TABLE DATA; Schema: public; Owner: postgres
--

COPY public.usuarios_usuario_user_permissions (id, usuario_id, permission_id) FROM stdin;
\.


--
-- Data for Name: usuarios_voluntario; Type: TABLE DATA; Schema: public; Owner: postgres
--

COPY public.usuarios_voluntario (id, telefono, usuario_id, zona_id) FROM stdin;
4	663232324	17	5
7	6634231244	25	3
3	6642346534	14	1
6	6645339999	23	5
\.


--
-- Data for Name: zonas_ubicacion; Type: TABLE DATA; Schema: public; Owner: postgres
--

COPY public.zonas_ubicacion (id, direccion, latitud, longitud, zona_id) FROM stdin;
1	Av. Paseo de los Héroes 123	32.525	-117.038	1
5	Av. Principal 202	32.51	-117.08	5
7	Av. Valle Dorado 404	31.865	-116.595	7
15	Calle Artículo 123 esquina Emiliano Zapata	0	0	15
4	Calle Playa 101	0	0	4
3	Blvd. Cuauhtémoc 789	0	0	3
16	Avenida Fundidora, Col. Obrera, Monterrey, NL	0	0	16
2	Calle Segunda #45611 av. constitución	0	0	2
6	Calle Rubí 303	0	0	6
\.


--
-- Data for Name: zonas_zona; Type: TABLE DATA; Schema: public; Owner: postgres
--

COPY public.zonas_zona (id, nombre, codigo_postal, ciudad, estado) FROM stdin;
1	Zona Río	22320	Tijuana	Baja California
5	Mariano Matamoros	22236	Tijuana	Baja California
7	Valle Dorado	22890	Ensenada	Baja California
15	Lucio Blanco - FOI	22710	Rosarito	Baja California
4	Playas de Tijuana (INACTIVA)	22504	Tijuana	Baja California
3	Otay Universidad (INACTIVA)	22427	Tijuana	Baja California
16	Parque Fundidora	64010	Monterrey	Nuevo León
2	Centro (INACTIVA)	22001	Tijuana	Baja California
6	El Rubí (inactiva)	22515	Tijuana	Baja California
\.


--
-- Name: auth_group_id_seq; Type: SEQUENCE SET; Schema: public; Owner: postgres
--

SELECT pg_catalog.setval('public.auth_group_id_seq', 1, false);


--
-- Name: auth_group_permissions_id_seq; Type: SEQUENCE SET; Schema: public; Owner: postgres
--

SELECT pg_catalog.setval('public.auth_group_permissions_id_seq', 1, false);


--
-- Name: auth_permission_id_seq; Type: SEQUENCE SET; Schema: public; Owner: postgres
--

SELECT pg_catalog.setval('public.auth_permission_id_seq', 104, true);


--
-- Name: comentarios_comentario_id_seq; Type: SEQUENCE SET; Schema: public; Owner: postgres
--

SELECT pg_catalog.setval('public.comentarios_comentario_id_seq', 1, false);


--
-- Name: django_admin_log_id_seq; Type: SEQUENCE SET; Schema: public; Owner: postgres
--

SELECT pg_catalog.setval('public.django_admin_log_id_seq', 1, false);


--
-- Name: django_content_type_id_seq; Type: SEQUENCE SET; Schema: public; Owner: postgres
--

SELECT pg_catalog.setval('public.django_content_type_id_seq', 26, true);


--
-- Name: django_migrations_id_seq; Type: SEQUENCE SET; Schema: public; Owner: postgres
--

SELECT pg_catalog.setval('public.django_migrations_id_seq', 41, true);


--
-- Name: donaciones_archivoadjunto_id_seq; Type: SEQUENCE SET; Schema: public; Owner: postgres
--

SELECT pg_catalog.setval('public.donaciones_archivoadjunto_id_seq', 1, false);


--
-- Name: donaciones_categoriacomida_id_seq; Type: SEQUENCE SET; Schema: public; Owner: postgres
--

SELECT pg_catalog.setval('public.donaciones_categoriacomida_id_seq', 1, false);


--
-- Name: donaciones_comida_id_seq; Type: SEQUENCE SET; Schema: public; Owner: postgres
--

SELECT pg_catalog.setval('public.donaciones_comida_id_seq', 1, false);


--
-- Name: donaciones_estadodonacion_id_seq; Type: SEQUENCE SET; Schema: public; Owner: postgres
--

SELECT pg_catalog.setval('public.donaciones_estadodonacion_id_seq', 4, true);


--
-- Name: donaciones_publicacion_id_seq; Type: SEQUENCE SET; Schema: public; Owner: postgres
--

SELECT pg_catalog.setval('public.donaciones_publicacion_id_seq', 5, true);


--
-- Name: donaciones_sucursal_id_seq; Type: SEQUENCE SET; Schema: public; Owner: postgres
--

SELECT pg_catalog.setval('public.donaciones_sucursal_id_seq', 6, true);


--
-- Name: notificaciones_notificacion_id_seq; Type: SEQUENCE SET; Schema: public; Owner: postgres
--

SELECT pg_catalog.setval('public.notificaciones_notificacion_id_seq', 101, true);


--
-- Name: solicitudes_historialdonacion_id_seq; Type: SEQUENCE SET; Schema: public; Owner: postgres
--

SELECT pg_catalog.setval('public.solicitudes_historialdonacion_id_seq', 1, true);


--
-- Name: solicitudes_solicitud_id_seq; Type: SEQUENCE SET; Schema: public; Owner: postgres
--

SELECT pg_catalog.setval('public.solicitudes_solicitud_id_seq', 2, true);


--
-- Name: token_blacklist_blacklistedtoken_id_seq; Type: SEQUENCE SET; Schema: public; Owner: postgres
--

SELECT pg_catalog.setval('public.token_blacklist_blacklistedtoken_id_seq', 1, false);


--
-- Name: token_blacklist_outstandingtoken_id_seq; Type: SEQUENCE SET; Schema: public; Owner: postgres
--

SELECT pg_catalog.setval('public.token_blacklist_outstandingtoken_id_seq', 45, true);


--
-- Name: usuarios_administrador_id_seq; Type: SEQUENCE SET; Schema: public; Owner: postgres
--

SELECT pg_catalog.setval('public.usuarios_administrador_id_seq', 4, true);


--
-- Name: usuarios_donador_id_seq; Type: SEQUENCE SET; Schema: public; Owner: postgres
--

SELECT pg_catalog.setval('public.usuarios_donador_id_seq', 7, true);


--
-- Name: usuarios_logsistema_id_seq; Type: SEQUENCE SET; Schema: public; Owner: postgres
--

SELECT pg_catalog.setval('public.usuarios_logsistema_id_seq', 86, true);


--
-- Name: usuarios_receptor_id_seq; Type: SEQUENCE SET; Schema: public; Owner: postgres
--

SELECT pg_catalog.setval('public.usuarios_receptor_id_seq', 4, true);


--
-- Name: usuarios_rol_id_seq; Type: SEQUENCE SET; Schema: public; Owner: postgres
--

SELECT pg_catalog.setval('public.usuarios_rol_id_seq', 1, false);


--
-- Name: usuarios_usuario_groups_id_seq; Type: SEQUENCE SET; Schema: public; Owner: postgres
--

SELECT pg_catalog.setval('public.usuarios_usuario_groups_id_seq', 1, false);


--
-- Name: usuarios_usuario_id_seq; Type: SEQUENCE SET; Schema: public; Owner: postgres
--

SELECT pg_catalog.setval('public.usuarios_usuario_id_seq', 26, true);


--
-- Name: usuarios_usuario_user_permissions_id_seq; Type: SEQUENCE SET; Schema: public; Owner: postgres
--

SELECT pg_catalog.setval('public.usuarios_usuario_user_permissions_id_seq', 1, false);


--
-- Name: usuarios_voluntario_id_seq; Type: SEQUENCE SET; Schema: public; Owner: postgres
--

SELECT pg_catalog.setval('public.usuarios_voluntario_id_seq', 7, true);


--
-- Name: zonas_ubicacion_id_seq; Type: SEQUENCE SET; Schema: public; Owner: postgres
--

SELECT pg_catalog.setval('public.zonas_ubicacion_id_seq', 16, true);


--
-- Name: zonas_zona_id_seq; Type: SEQUENCE SET; Schema: public; Owner: postgres
--

SELECT pg_catalog.setval('public.zonas_zona_id_seq', 16, true);


--
-- Name: auth_group auth_group_name_key; Type: CONSTRAINT; Schema: public; Owner: postgres
--

ALTER TABLE ONLY public.auth_group
    ADD CONSTRAINT auth_group_name_key UNIQUE (name);


--
-- Name: auth_group_permissions auth_group_permissions_group_id_permission_id_0cd325b0_uniq; Type: CONSTRAINT; Schema: public; Owner: postgres
--

ALTER TABLE ONLY public.auth_group_permissions
    ADD CONSTRAINT auth_group_permissions_group_id_permission_id_0cd325b0_uniq UNIQUE (group_id, permission_id);


--
-- Name: auth_group_permissions auth_group_permissions_pkey; Type: CONSTRAINT; Schema: public; Owner: postgres
--

ALTER TABLE ONLY public.auth_group_permissions
    ADD CONSTRAINT auth_group_permissions_pkey PRIMARY KEY (id);


--
-- Name: auth_group auth_group_pkey; Type: CONSTRAINT; Schema: public; Owner: postgres
--

ALTER TABLE ONLY public.auth_group
    ADD CONSTRAINT auth_group_pkey PRIMARY KEY (id);


--
-- Name: auth_permission auth_permission_content_type_id_codename_01ab375a_uniq; Type: CONSTRAINT; Schema: public; Owner: postgres
--

ALTER TABLE ONLY public.auth_permission
    ADD CONSTRAINT auth_permission_content_type_id_codename_01ab375a_uniq UNIQUE (content_type_id, codename);


--
-- Name: auth_permission auth_permission_pkey; Type: CONSTRAINT; Schema: public; Owner: postgres
--

ALTER TABLE ONLY public.auth_permission
    ADD CONSTRAINT auth_permission_pkey PRIMARY KEY (id);


--
-- Name: comentarios_comentario comentarios_comentario_pkey; Type: CONSTRAINT; Schema: public; Owner: postgres
--

ALTER TABLE ONLY public.comentarios_comentario
    ADD CONSTRAINT comentarios_comentario_pkey PRIMARY KEY (id);


--
-- Name: django_admin_log django_admin_log_pkey; Type: CONSTRAINT; Schema: public; Owner: postgres
--

ALTER TABLE ONLY public.django_admin_log
    ADD CONSTRAINT django_admin_log_pkey PRIMARY KEY (id);


--
-- Name: django_content_type django_content_type_app_label_model_76bd3d3b_uniq; Type: CONSTRAINT; Schema: public; Owner: postgres
--

ALTER TABLE ONLY public.django_content_type
    ADD CONSTRAINT django_content_type_app_label_model_76bd3d3b_uniq UNIQUE (app_label, model);


--
-- Name: django_content_type django_content_type_pkey; Type: CONSTRAINT; Schema: public; Owner: postgres
--

ALTER TABLE ONLY public.django_content_type
    ADD CONSTRAINT django_content_type_pkey PRIMARY KEY (id);


--
-- Name: django_migrations django_migrations_pkey; Type: CONSTRAINT; Schema: public; Owner: postgres
--

ALTER TABLE ONLY public.django_migrations
    ADD CONSTRAINT django_migrations_pkey PRIMARY KEY (id);


--
-- Name: django_session django_session_pkey; Type: CONSTRAINT; Schema: public; Owner: postgres
--

ALTER TABLE ONLY public.django_session
    ADD CONSTRAINT django_session_pkey PRIMARY KEY (session_key);


--
-- Name: donaciones_archivoadjunto donaciones_archivoadjunto_pkey; Type: CONSTRAINT; Schema: public; Owner: postgres
--

ALTER TABLE ONLY public.donaciones_archivoadjunto
    ADD CONSTRAINT donaciones_archivoadjunto_pkey PRIMARY KEY (id);


--
-- Name: donaciones_categoriacomida donaciones_categoriacomida_pkey; Type: CONSTRAINT; Schema: public; Owner: postgres
--

ALTER TABLE ONLY public.donaciones_categoriacomida
    ADD CONSTRAINT donaciones_categoriacomida_pkey PRIMARY KEY (id);


--
-- Name: donaciones_comida donaciones_comida_pkey; Type: CONSTRAINT; Schema: public; Owner: postgres
--

ALTER TABLE ONLY public.donaciones_comida
    ADD CONSTRAINT donaciones_comida_pkey PRIMARY KEY (id);


--
-- Name: donaciones_estadodonacion donaciones_estadodonacion_pkey; Type: CONSTRAINT; Schema: public; Owner: postgres
--

ALTER TABLE ONLY public.donaciones_estadodonacion
    ADD CONSTRAINT donaciones_estadodonacion_pkey PRIMARY KEY (id);


--
-- Name: donaciones_publicacion donaciones_publicacion_pkey; Type: CONSTRAINT; Schema: public; Owner: postgres
--

ALTER TABLE ONLY public.donaciones_publicacion
    ADD CONSTRAINT donaciones_publicacion_pkey PRIMARY KEY (id);


--
-- Name: donaciones_sucursal donaciones_sucursal_pkey; Type: CONSTRAINT; Schema: public; Owner: postgres
--

ALTER TABLE ONLY public.donaciones_sucursal
    ADD CONSTRAINT donaciones_sucursal_pkey PRIMARY KEY (id);


--
-- Name: notificaciones_notificacion notificaciones_notificacion_pkey; Type: CONSTRAINT; Schema: public; Owner: postgres
--

ALTER TABLE ONLY public.notificaciones_notificacion
    ADD CONSTRAINT notificaciones_notificacion_pkey PRIMARY KEY (id);


--
-- Name: solicitudes_historialdonacion solicitudes_historialdonacion_pkey; Type: CONSTRAINT; Schema: public; Owner: postgres
--

ALTER TABLE ONLY public.solicitudes_historialdonacion
    ADD CONSTRAINT solicitudes_historialdonacion_pkey PRIMARY KEY (id);


--
-- Name: solicitudes_solicitud solicitudes_solicitud_pkey; Type: CONSTRAINT; Schema: public; Owner: postgres
--

ALTER TABLE ONLY public.solicitudes_solicitud
    ADD CONSTRAINT solicitudes_solicitud_pkey PRIMARY KEY (id);


--
-- Name: token_blacklist_blacklistedtoken token_blacklist_blacklistedtoken_pkey; Type: CONSTRAINT; Schema: public; Owner: postgres
--

ALTER TABLE ONLY public.token_blacklist_blacklistedtoken
    ADD CONSTRAINT token_blacklist_blacklistedtoken_pkey PRIMARY KEY (id);


--
-- Name: token_blacklist_blacklistedtoken token_blacklist_blacklistedtoken_token_id_key; Type: CONSTRAINT; Schema: public; Owner: postgres
--

ALTER TABLE ONLY public.token_blacklist_blacklistedtoken
    ADD CONSTRAINT token_blacklist_blacklistedtoken_token_id_key UNIQUE (token_id);


--
-- Name: token_blacklist_outstandingtoken token_blacklist_outstandingtoken_jti_hex_d9bdf6f7_uniq; Type: CONSTRAINT; Schema: public; Owner: postgres
--

ALTER TABLE ONLY public.token_blacklist_outstandingtoken
    ADD CONSTRAINT token_blacklist_outstandingtoken_jti_hex_d9bdf6f7_uniq UNIQUE (jti);


--
-- Name: token_blacklist_outstandingtoken token_blacklist_outstandingtoken_pkey; Type: CONSTRAINT; Schema: public; Owner: postgres
--

ALTER TABLE ONLY public.token_blacklist_outstandingtoken
    ADD CONSTRAINT token_blacklist_outstandingtoken_pkey PRIMARY KEY (id);


--
-- Name: usuarios_administrador usuarios_administrador_correo_key; Type: CONSTRAINT; Schema: public; Owner: postgres
--

ALTER TABLE ONLY public.usuarios_administrador
    ADD CONSTRAINT usuarios_administrador_correo_key UNIQUE (correo);


--
-- Name: usuarios_administrador usuarios_administrador_pkey; Type: CONSTRAINT; Schema: public; Owner: postgres
--

ALTER TABLE ONLY public.usuarios_administrador
    ADD CONSTRAINT usuarios_administrador_pkey PRIMARY KEY (id);


--
-- Name: usuarios_donador usuarios_donador_pkey; Type: CONSTRAINT; Schema: public; Owner: postgres
--

ALTER TABLE ONLY public.usuarios_donador
    ADD CONSTRAINT usuarios_donador_pkey PRIMARY KEY (id);


--
-- Name: usuarios_donador usuarios_donador_usuario_id_key; Type: CONSTRAINT; Schema: public; Owner: postgres
--

ALTER TABLE ONLY public.usuarios_donador
    ADD CONSTRAINT usuarios_donador_usuario_id_key UNIQUE (usuario_id);


--
-- Name: usuarios_logsistema usuarios_logsistema_pkey; Type: CONSTRAINT; Schema: public; Owner: postgres
--

ALTER TABLE ONLY public.usuarios_logsistema
    ADD CONSTRAINT usuarios_logsistema_pkey PRIMARY KEY (id);


--
-- Name: usuarios_receptor usuarios_receptor_pkey; Type: CONSTRAINT; Schema: public; Owner: postgres
--

ALTER TABLE ONLY public.usuarios_receptor
    ADD CONSTRAINT usuarios_receptor_pkey PRIMARY KEY (id);


--
-- Name: usuarios_receptor usuarios_receptor_usuario_id_key; Type: CONSTRAINT; Schema: public; Owner: postgres
--

ALTER TABLE ONLY public.usuarios_receptor
    ADD CONSTRAINT usuarios_receptor_usuario_id_key UNIQUE (usuario_id);


--
-- Name: usuarios_rol usuarios_rol_pkey; Type: CONSTRAINT; Schema: public; Owner: postgres
--

ALTER TABLE ONLY public.usuarios_rol
    ADD CONSTRAINT usuarios_rol_pkey PRIMARY KEY (id);


--
-- Name: usuarios_usuario usuarios_usuario_correo_key; Type: CONSTRAINT; Schema: public; Owner: postgres
--

ALTER TABLE ONLY public.usuarios_usuario
    ADD CONSTRAINT usuarios_usuario_correo_key UNIQUE (correo);


--
-- Name: usuarios_usuario_groups usuarios_usuario_groups_pkey; Type: CONSTRAINT; Schema: public; Owner: postgres
--

ALTER TABLE ONLY public.usuarios_usuario_groups
    ADD CONSTRAINT usuarios_usuario_groups_pkey PRIMARY KEY (id);


--
-- Name: usuarios_usuario_groups usuarios_usuario_groups_usuario_id_group_id_4ed5b09e_uniq; Type: CONSTRAINT; Schema: public; Owner: postgres
--

ALTER TABLE ONLY public.usuarios_usuario_groups
    ADD CONSTRAINT usuarios_usuario_groups_usuario_id_group_id_4ed5b09e_uniq UNIQUE (usuario_id, group_id);


--
-- Name: usuarios_usuario usuarios_usuario_pkey; Type: CONSTRAINT; Schema: public; Owner: postgres
--

ALTER TABLE ONLY public.usuarios_usuario
    ADD CONSTRAINT usuarios_usuario_pkey PRIMARY KEY (id);


--
-- Name: usuarios_usuario_user_permissions usuarios_usuario_user_pe_usuario_id_permission_id_217cadcd_uniq; Type: CONSTRAINT; Schema: public; Owner: postgres
--

ALTER TABLE ONLY public.usuarios_usuario_user_permissions
    ADD CONSTRAINT usuarios_usuario_user_pe_usuario_id_permission_id_217cadcd_uniq UNIQUE (usuario_id, permission_id);


--
-- Name: usuarios_usuario_user_permissions usuarios_usuario_user_permissions_pkey; Type: CONSTRAINT; Schema: public; Owner: postgres
--

ALTER TABLE ONLY public.usuarios_usuario_user_permissions
    ADD CONSTRAINT usuarios_usuario_user_permissions_pkey PRIMARY KEY (id);


--
-- Name: usuarios_voluntario usuarios_voluntario_pkey; Type: CONSTRAINT; Schema: public; Owner: postgres
--

ALTER TABLE ONLY public.usuarios_voluntario
    ADD CONSTRAINT usuarios_voluntario_pkey PRIMARY KEY (id);


--
-- Name: usuarios_voluntario usuarios_voluntario_usuario_id_key; Type: CONSTRAINT; Schema: public; Owner: postgres
--

ALTER TABLE ONLY public.usuarios_voluntario
    ADD CONSTRAINT usuarios_voluntario_usuario_id_key UNIQUE (usuario_id);


--
-- Name: zonas_ubicacion zonas_ubicacion_pkey; Type: CONSTRAINT; Schema: public; Owner: postgres
--

ALTER TABLE ONLY public.zonas_ubicacion
    ADD CONSTRAINT zonas_ubicacion_pkey PRIMARY KEY (id);


--
-- Name: zonas_zona zonas_zona_pkey; Type: CONSTRAINT; Schema: public; Owner: postgres
--

ALTER TABLE ONLY public.zonas_zona
    ADD CONSTRAINT zonas_zona_pkey PRIMARY KEY (id);


--
-- Name: auth_group_name_a6ea08ec_like; Type: INDEX; Schema: public; Owner: postgres
--

CREATE INDEX auth_group_name_a6ea08ec_like ON public.auth_group USING btree (name varchar_pattern_ops);


--
-- Name: auth_group_permissions_group_id_b120cbf9; Type: INDEX; Schema: public; Owner: postgres
--

CREATE INDEX auth_group_permissions_group_id_b120cbf9 ON public.auth_group_permissions USING btree (group_id);


--
-- Name: auth_group_permissions_permission_id_84c5c92e; Type: INDEX; Schema: public; Owner: postgres
--

CREATE INDEX auth_group_permissions_permission_id_84c5c92e ON public.auth_group_permissions USING btree (permission_id);


--
-- Name: auth_permission_content_type_id_2f476e4b; Type: INDEX; Schema: public; Owner: postgres
--

CREATE INDEX auth_permission_content_type_id_2f476e4b ON public.auth_permission USING btree (content_type_id);


--
-- Name: comentarios_comentario_publicacion_id_1a874b56; Type: INDEX; Schema: public; Owner: postgres
--

CREATE INDEX comentarios_comentario_publicacion_id_1a874b56 ON public.comentarios_comentario USING btree (publicacion_id);


--
-- Name: comentarios_comentario_usuario_id_e00b4084; Type: INDEX; Schema: public; Owner: postgres
--

CREATE INDEX comentarios_comentario_usuario_id_e00b4084 ON public.comentarios_comentario USING btree (usuario_id);


--
-- Name: django_admin_log_content_type_id_c4bce8eb; Type: INDEX; Schema: public; Owner: postgres
--

CREATE INDEX django_admin_log_content_type_id_c4bce8eb ON public.django_admin_log USING btree (content_type_id);


--
-- Name: django_admin_log_user_id_c564eba6; Type: INDEX; Schema: public; Owner: postgres
--

CREATE INDEX django_admin_log_user_id_c564eba6 ON public.django_admin_log USING btree (user_id);


--
-- Name: django_session_expire_date_a5c62663; Type: INDEX; Schema: public; Owner: postgres
--

CREATE INDEX django_session_expire_date_a5c62663 ON public.django_session USING btree (expire_date);


--
-- Name: django_session_session_key_c0390e0f_like; Type: INDEX; Schema: public; Owner: postgres
--

CREATE INDEX django_session_session_key_c0390e0f_like ON public.django_session USING btree (session_key varchar_pattern_ops);


--
-- Name: donaciones_archivoadjunto_publicacion_id_db2af298; Type: INDEX; Schema: public; Owner: postgres
--

CREATE INDEX donaciones_archivoadjunto_publicacion_id_db2af298 ON public.donaciones_archivoadjunto USING btree (publicacion_id);


--
-- Name: donaciones_comida_categoria_id_15da3612; Type: INDEX; Schema: public; Owner: postgres
--

CREATE INDEX donaciones_comida_categoria_id_15da3612 ON public.donaciones_comida USING btree (categoria_id);


--
-- Name: donaciones_comida_publicacion_id_a8190b7a; Type: INDEX; Schema: public; Owner: postgres
--

CREATE INDEX donaciones_comida_publicacion_id_a8190b7a ON public.donaciones_comida USING btree (publicacion_id);


--
-- Name: donaciones_publicacion_estado_id_2c6704ad; Type: INDEX; Schema: public; Owner: postgres
--

CREATE INDEX donaciones_publicacion_estado_id_2c6704ad ON public.donaciones_publicacion USING btree (estado_id);


--
-- Name: donaciones_publicacion_sucursal_id_9cf03b2e; Type: INDEX; Schema: public; Owner: postgres
--

CREATE INDEX donaciones_publicacion_sucursal_id_9cf03b2e ON public.donaciones_publicacion USING btree (sucursal_id);


--
-- Name: donaciones_publicacion_ubicacion_id_c7b4a020; Type: INDEX; Schema: public; Owner: postgres
--

CREATE INDEX donaciones_publicacion_ubicacion_id_c7b4a020 ON public.donaciones_publicacion USING btree (ubicacion_id);


--
-- Name: donaciones_publicacion_zona_id_0857c537; Type: INDEX; Schema: public; Owner: postgres
--

CREATE INDEX donaciones_publicacion_zona_id_0857c537 ON public.donaciones_publicacion USING btree (zona_id);


--
-- Name: donaciones_sucursal_donador_id_ec31cb48; Type: INDEX; Schema: public; Owner: postgres
--

CREATE INDEX donaciones_sucursal_donador_id_ec31cb48 ON public.donaciones_sucursal USING btree (donador_id);


--
-- Name: donaciones_sucursal_ubicacion_id_9e41c413; Type: INDEX; Schema: public; Owner: postgres
--

CREATE INDEX donaciones_sucursal_ubicacion_id_9e41c413 ON public.donaciones_sucursal USING btree (ubicacion_id);


--
-- Name: donaciones_sucursal_zona_id_5b66d23e; Type: INDEX; Schema: public; Owner: postgres
--

CREATE INDEX donaciones_sucursal_zona_id_5b66d23e ON public.donaciones_sucursal USING btree (zona_id);


--
-- Name: notificaciones_notificacion_usuario_id_4bc090a3; Type: INDEX; Schema: public; Owner: postgres
--

CREATE INDEX notificaciones_notificacion_usuario_id_4bc090a3 ON public.notificaciones_notificacion USING btree (usuario_id);


--
-- Name: solicitudes_historialdonacion_donador_id_eb999e67; Type: INDEX; Schema: public; Owner: postgres
--

CREATE INDEX solicitudes_historialdonacion_donador_id_eb999e67 ON public.solicitudes_historialdonacion USING btree (donador_id);


--
-- Name: solicitudes_historialdonacion_publicacion_id_4a86e336; Type: INDEX; Schema: public; Owner: postgres
--

CREATE INDEX solicitudes_historialdonacion_publicacion_id_4a86e336 ON public.solicitudes_historialdonacion USING btree (publicacion_id);


--
-- Name: solicitudes_historialdonacion_receptor_id_81f55b2a; Type: INDEX; Schema: public; Owner: postgres
--

CREATE INDEX solicitudes_historialdonacion_receptor_id_81f55b2a ON public.solicitudes_historialdonacion USING btree (receptor_id);


--
-- Name: solicitudes_solicitud_publicacion_id_5cbca0ce; Type: INDEX; Schema: public; Owner: postgres
--

CREATE INDEX solicitudes_solicitud_publicacion_id_5cbca0ce ON public.solicitudes_solicitud USING btree (publicacion_id);


--
-- Name: solicitudes_solicitud_receptor_id_d16ae9de; Type: INDEX; Schema: public; Owner: postgres
--

CREATE INDEX solicitudes_solicitud_receptor_id_d16ae9de ON public.solicitudes_solicitud USING btree (receptor_id);


--
-- Name: token_blacklist_outstandingtoken_jti_hex_d9bdf6f7_like; Type: INDEX; Schema: public; Owner: postgres
--

CREATE INDEX token_blacklist_outstandingtoken_jti_hex_d9bdf6f7_like ON public.token_blacklist_outstandingtoken USING btree (jti varchar_pattern_ops);


--
-- Name: token_blacklist_outstandingtoken_user_id_83bc629a; Type: INDEX; Schema: public; Owner: postgres
--

CREATE INDEX token_blacklist_outstandingtoken_user_id_83bc629a ON public.token_blacklist_outstandingtoken USING btree (user_id);


--
-- Name: usuarios_administrador_correo_4586a813_like; Type: INDEX; Schema: public; Owner: postgres
--

CREATE INDEX usuarios_administrador_correo_4586a813_like ON public.usuarios_administrador USING btree (correo varchar_pattern_ops);


--
-- Name: usuarios_usuario_correo_80ace29b_like; Type: INDEX; Schema: public; Owner: postgres
--

CREATE INDEX usuarios_usuario_correo_80ace29b_like ON public.usuarios_usuario USING btree (correo varchar_pattern_ops);


--
-- Name: usuarios_usuario_groups_group_id_e77f6dcf; Type: INDEX; Schema: public; Owner: postgres
--

CREATE INDEX usuarios_usuario_groups_group_id_e77f6dcf ON public.usuarios_usuario_groups USING btree (group_id);


--
-- Name: usuarios_usuario_groups_usuario_id_7a34077f; Type: INDEX; Schema: public; Owner: postgres
--

CREATE INDEX usuarios_usuario_groups_usuario_id_7a34077f ON public.usuarios_usuario_groups USING btree (usuario_id);


--
-- Name: usuarios_usuario_rol_id_b0d64932; Type: INDEX; Schema: public; Owner: postgres
--

CREATE INDEX usuarios_usuario_rol_id_b0d64932 ON public.usuarios_usuario USING btree (rol_id);


--
-- Name: usuarios_usuario_user_permissions_permission_id_4e5c0f2f; Type: INDEX; Schema: public; Owner: postgres
--

CREATE INDEX usuarios_usuario_user_permissions_permission_id_4e5c0f2f ON public.usuarios_usuario_user_permissions USING btree (permission_id);


--
-- Name: usuarios_usuario_user_permissions_usuario_id_60aeea80; Type: INDEX; Schema: public; Owner: postgres
--

CREATE INDEX usuarios_usuario_user_permissions_usuario_id_60aeea80 ON public.usuarios_usuario_user_permissions USING btree (usuario_id);


--
-- Name: usuarios_voluntario_zona_id_48b36375; Type: INDEX; Schema: public; Owner: postgres
--

CREATE INDEX usuarios_voluntario_zona_id_48b36375 ON public.usuarios_voluntario USING btree (zona_id);


--
-- Name: zonas_ubicacion_zona_id_00bc57c7; Type: INDEX; Schema: public; Owner: postgres
--

CREATE INDEX zonas_ubicacion_zona_id_00bc57c7 ON public.zonas_ubicacion USING btree (zona_id);


--
-- Name: auth_group_permissions auth_group_permissio_permission_id_84c5c92e_fk_auth_perm; Type: FK CONSTRAINT; Schema: public; Owner: postgres
--

ALTER TABLE ONLY public.auth_group_permissions
    ADD CONSTRAINT auth_group_permissio_permission_id_84c5c92e_fk_auth_perm FOREIGN KEY (permission_id) REFERENCES public.auth_permission(id) DEFERRABLE INITIALLY DEFERRED;


--
-- Name: auth_group_permissions auth_group_permissions_group_id_b120cbf9_fk_auth_group_id; Type: FK CONSTRAINT; Schema: public; Owner: postgres
--

ALTER TABLE ONLY public.auth_group_permissions
    ADD CONSTRAINT auth_group_permissions_group_id_b120cbf9_fk_auth_group_id FOREIGN KEY (group_id) REFERENCES public.auth_group(id) DEFERRABLE INITIALLY DEFERRED;


--
-- Name: auth_permission auth_permission_content_type_id_2f476e4b_fk_django_co; Type: FK CONSTRAINT; Schema: public; Owner: postgres
--

ALTER TABLE ONLY public.auth_permission
    ADD CONSTRAINT auth_permission_content_type_id_2f476e4b_fk_django_co FOREIGN KEY (content_type_id) REFERENCES public.django_content_type(id) DEFERRABLE INITIALLY DEFERRED;


--
-- Name: comentarios_comentario comentarios_comentar_publicacion_id_1a874b56_fk_donacione; Type: FK CONSTRAINT; Schema: public; Owner: postgres
--

ALTER TABLE ONLY public.comentarios_comentario
    ADD CONSTRAINT comentarios_comentar_publicacion_id_1a874b56_fk_donacione FOREIGN KEY (publicacion_id) REFERENCES public.donaciones_publicacion(id) DEFERRABLE INITIALLY DEFERRED;


--
-- Name: comentarios_comentario comentarios_comentar_usuario_id_e00b4084_fk_usuarios_; Type: FK CONSTRAINT; Schema: public; Owner: postgres
--

ALTER TABLE ONLY public.comentarios_comentario
    ADD CONSTRAINT comentarios_comentar_usuario_id_e00b4084_fk_usuarios_ FOREIGN KEY (usuario_id) REFERENCES public.usuarios_usuario(id) DEFERRABLE INITIALLY DEFERRED;


--
-- Name: django_admin_log django_admin_log_content_type_id_c4bce8eb_fk_django_co; Type: FK CONSTRAINT; Schema: public; Owner: postgres
--

ALTER TABLE ONLY public.django_admin_log
    ADD CONSTRAINT django_admin_log_content_type_id_c4bce8eb_fk_django_co FOREIGN KEY (content_type_id) REFERENCES public.django_content_type(id) DEFERRABLE INITIALLY DEFERRED;


--
-- Name: django_admin_log django_admin_log_user_id_c564eba6_fk_usuarios_usuario_id; Type: FK CONSTRAINT; Schema: public; Owner: postgres
--

ALTER TABLE ONLY public.django_admin_log
    ADD CONSTRAINT django_admin_log_user_id_c564eba6_fk_usuarios_usuario_id FOREIGN KEY (user_id) REFERENCES public.usuarios_usuario(id) DEFERRABLE INITIALLY DEFERRED;


--
-- Name: donaciones_archivoadjunto donaciones_archivoad_publicacion_id_db2af298_fk_donacione; Type: FK CONSTRAINT; Schema: public; Owner: postgres
--

ALTER TABLE ONLY public.donaciones_archivoadjunto
    ADD CONSTRAINT donaciones_archivoad_publicacion_id_db2af298_fk_donacione FOREIGN KEY (publicacion_id) REFERENCES public.donaciones_publicacion(id) DEFERRABLE INITIALLY DEFERRED;


--
-- Name: donaciones_comida donaciones_comida_categoria_id_15da3612_fk_donacione; Type: FK CONSTRAINT; Schema: public; Owner: postgres
--

ALTER TABLE ONLY public.donaciones_comida
    ADD CONSTRAINT donaciones_comida_categoria_id_15da3612_fk_donacione FOREIGN KEY (categoria_id) REFERENCES public.donaciones_categoriacomida(id) DEFERRABLE INITIALLY DEFERRED;


--
-- Name: donaciones_comida donaciones_comida_publicacion_id_a8190b7a_fk_donacione; Type: FK CONSTRAINT; Schema: public; Owner: postgres
--

ALTER TABLE ONLY public.donaciones_comida
    ADD CONSTRAINT donaciones_comida_publicacion_id_a8190b7a_fk_donacione FOREIGN KEY (publicacion_id) REFERENCES public.donaciones_publicacion(id) DEFERRABLE INITIALLY DEFERRED;


--
-- Name: donaciones_publicacion donaciones_publicaci_estado_id_2c6704ad_fk_donacione; Type: FK CONSTRAINT; Schema: public; Owner: postgres
--

ALTER TABLE ONLY public.donaciones_publicacion
    ADD CONSTRAINT donaciones_publicaci_estado_id_2c6704ad_fk_donacione FOREIGN KEY (estado_id) REFERENCES public.donaciones_estadodonacion(id) DEFERRABLE INITIALLY DEFERRED;


--
-- Name: donaciones_publicacion donaciones_publicaci_sucursal_id_9cf03b2e_fk_donacione; Type: FK CONSTRAINT; Schema: public; Owner: postgres
--

ALTER TABLE ONLY public.donaciones_publicacion
    ADD CONSTRAINT donaciones_publicaci_sucursal_id_9cf03b2e_fk_donacione FOREIGN KEY (sucursal_id) REFERENCES public.donaciones_sucursal(id) DEFERRABLE INITIALLY DEFERRED;


--
-- Name: donaciones_publicacion donaciones_publicaci_ubicacion_id_c7b4a020_fk_zonas_ubi; Type: FK CONSTRAINT; Schema: public; Owner: postgres
--

ALTER TABLE ONLY public.donaciones_publicacion
    ADD CONSTRAINT donaciones_publicaci_ubicacion_id_c7b4a020_fk_zonas_ubi FOREIGN KEY (ubicacion_id) REFERENCES public.zonas_ubicacion(id) DEFERRABLE INITIALLY DEFERRED;


--
-- Name: donaciones_publicacion donaciones_publicacion_zona_id_0857c537_fk_zonas_zona_id; Type: FK CONSTRAINT; Schema: public; Owner: postgres
--

ALTER TABLE ONLY public.donaciones_publicacion
    ADD CONSTRAINT donaciones_publicacion_zona_id_0857c537_fk_zonas_zona_id FOREIGN KEY (zona_id) REFERENCES public.zonas_zona(id) DEFERRABLE INITIALLY DEFERRED;


--
-- Name: donaciones_sucursal donaciones_sucursal_donador_id_ec31cb48_fk_usuarios_donador_id; Type: FK CONSTRAINT; Schema: public; Owner: postgres
--

ALTER TABLE ONLY public.donaciones_sucursal
    ADD CONSTRAINT donaciones_sucursal_donador_id_ec31cb48_fk_usuarios_donador_id FOREIGN KEY (donador_id) REFERENCES public.usuarios_donador(id) DEFERRABLE INITIALLY DEFERRED;


--
-- Name: donaciones_sucursal donaciones_sucursal_ubicacion_id_9e41c413_fk_zonas_ubicacion_id; Type: FK CONSTRAINT; Schema: public; Owner: postgres
--

ALTER TABLE ONLY public.donaciones_sucursal
    ADD CONSTRAINT donaciones_sucursal_ubicacion_id_9e41c413_fk_zonas_ubicacion_id FOREIGN KEY (ubicacion_id) REFERENCES public.zonas_ubicacion(id) DEFERRABLE INITIALLY DEFERRED;


--
-- Name: donaciones_sucursal donaciones_sucursal_zona_id_5b66d23e_fk_zonas_zona_id; Type: FK CONSTRAINT; Schema: public; Owner: postgres
--

ALTER TABLE ONLY public.donaciones_sucursal
    ADD CONSTRAINT donaciones_sucursal_zona_id_5b66d23e_fk_zonas_zona_id FOREIGN KEY (zona_id) REFERENCES public.zonas_zona(id) DEFERRABLE INITIALLY DEFERRED;


--
-- Name: notificaciones_notificacion notificaciones_notif_usuario_id_4bc090a3_fk_usuarios_; Type: FK CONSTRAINT; Schema: public; Owner: postgres
--

ALTER TABLE ONLY public.notificaciones_notificacion
    ADD CONSTRAINT notificaciones_notif_usuario_id_4bc090a3_fk_usuarios_ FOREIGN KEY (usuario_id) REFERENCES public.usuarios_usuario(id) DEFERRABLE INITIALLY DEFERRED;


--
-- Name: solicitudes_historialdonacion solicitudes_historia_donador_id_eb999e67_fk_usuarios_; Type: FK CONSTRAINT; Schema: public; Owner: postgres
--

ALTER TABLE ONLY public.solicitudes_historialdonacion
    ADD CONSTRAINT solicitudes_historia_donador_id_eb999e67_fk_usuarios_ FOREIGN KEY (donador_id) REFERENCES public.usuarios_donador(id) DEFERRABLE INITIALLY DEFERRED;


--
-- Name: solicitudes_historialdonacion solicitudes_historia_publicacion_id_4a86e336_fk_donacione; Type: FK CONSTRAINT; Schema: public; Owner: postgres
--

ALTER TABLE ONLY public.solicitudes_historialdonacion
    ADD CONSTRAINT solicitudes_historia_publicacion_id_4a86e336_fk_donacione FOREIGN KEY (publicacion_id) REFERENCES public.donaciones_publicacion(id) DEFERRABLE INITIALLY DEFERRED;


--
-- Name: solicitudes_historialdonacion solicitudes_historia_receptor_id_81f55b2a_fk_usuarios_; Type: FK CONSTRAINT; Schema: public; Owner: postgres
--

ALTER TABLE ONLY public.solicitudes_historialdonacion
    ADD CONSTRAINT solicitudes_historia_receptor_id_81f55b2a_fk_usuarios_ FOREIGN KEY (receptor_id) REFERENCES public.usuarios_receptor(id) DEFERRABLE INITIALLY DEFERRED;


--
-- Name: solicitudes_solicitud solicitudes_solicitu_publicacion_id_5cbca0ce_fk_donacione; Type: FK CONSTRAINT; Schema: public; Owner: postgres
--

ALTER TABLE ONLY public.solicitudes_solicitud
    ADD CONSTRAINT solicitudes_solicitu_publicacion_id_5cbca0ce_fk_donacione FOREIGN KEY (publicacion_id) REFERENCES public.donaciones_publicacion(id) DEFERRABLE INITIALLY DEFERRED;


--
-- Name: solicitudes_solicitud solicitudes_solicitu_receptor_id_d16ae9de_fk_usuarios_; Type: FK CONSTRAINT; Schema: public; Owner: postgres
--

ALTER TABLE ONLY public.solicitudes_solicitud
    ADD CONSTRAINT solicitudes_solicitu_receptor_id_d16ae9de_fk_usuarios_ FOREIGN KEY (receptor_id) REFERENCES public.usuarios_receptor(id) DEFERRABLE INITIALLY DEFERRED;


--
-- Name: token_blacklist_blacklistedtoken token_blacklist_blacklistedtoken_token_id_3cc7fe56_fk; Type: FK CONSTRAINT; Schema: public; Owner: postgres
--

ALTER TABLE ONLY public.token_blacklist_blacklistedtoken
    ADD CONSTRAINT token_blacklist_blacklistedtoken_token_id_3cc7fe56_fk FOREIGN KEY (token_id) REFERENCES public.token_blacklist_outstandingtoken(id) DEFERRABLE INITIALLY DEFERRED;


--
-- Name: token_blacklist_outstandingtoken token_blacklist_outs_user_id_83bc629a_fk_usuarios_; Type: FK CONSTRAINT; Schema: public; Owner: postgres
--

ALTER TABLE ONLY public.token_blacklist_outstandingtoken
    ADD CONSTRAINT token_blacklist_outs_user_id_83bc629a_fk_usuarios_ FOREIGN KEY (user_id) REFERENCES public.usuarios_usuario(id) DEFERRABLE INITIALLY DEFERRED;


--
-- Name: usuarios_donador usuarios_donador_usuario_id_14bb90ee_fk_usuarios_usuario_id; Type: FK CONSTRAINT; Schema: public; Owner: postgres
--

ALTER TABLE ONLY public.usuarios_donador
    ADD CONSTRAINT usuarios_donador_usuario_id_14bb90ee_fk_usuarios_usuario_id FOREIGN KEY (usuario_id) REFERENCES public.usuarios_usuario(id) DEFERRABLE INITIALLY DEFERRED;


--
-- Name: usuarios_receptor usuarios_receptor_usuario_id_83b923c1_fk_usuarios_usuario_id; Type: FK CONSTRAINT; Schema: public; Owner: postgres
--

ALTER TABLE ONLY public.usuarios_receptor
    ADD CONSTRAINT usuarios_receptor_usuario_id_83b923c1_fk_usuarios_usuario_id FOREIGN KEY (usuario_id) REFERENCES public.usuarios_usuario(id) DEFERRABLE INITIALLY DEFERRED;


--
-- Name: usuarios_usuario_groups usuarios_usuario_gro_usuario_id_7a34077f_fk_usuarios_; Type: FK CONSTRAINT; Schema: public; Owner: postgres
--

ALTER TABLE ONLY public.usuarios_usuario_groups
    ADD CONSTRAINT usuarios_usuario_gro_usuario_id_7a34077f_fk_usuarios_ FOREIGN KEY (usuario_id) REFERENCES public.usuarios_usuario(id) DEFERRABLE INITIALLY DEFERRED;


--
-- Name: usuarios_usuario_groups usuarios_usuario_groups_group_id_e77f6dcf_fk_auth_group_id; Type: FK CONSTRAINT; Schema: public; Owner: postgres
--

ALTER TABLE ONLY public.usuarios_usuario_groups
    ADD CONSTRAINT usuarios_usuario_groups_group_id_e77f6dcf_fk_auth_group_id FOREIGN KEY (group_id) REFERENCES public.auth_group(id) DEFERRABLE INITIALLY DEFERRED;


--
-- Name: usuarios_usuario usuarios_usuario_rol_id_b0d64932_fk_usuarios_rol_id; Type: FK CONSTRAINT; Schema: public; Owner: postgres
--

ALTER TABLE ONLY public.usuarios_usuario
    ADD CONSTRAINT usuarios_usuario_rol_id_b0d64932_fk_usuarios_rol_id FOREIGN KEY (rol_id) REFERENCES public.usuarios_rol(id) DEFERRABLE INITIALLY DEFERRED;


--
-- Name: usuarios_usuario_user_permissions usuarios_usuario_use_permission_id_4e5c0f2f_fk_auth_perm; Type: FK CONSTRAINT; Schema: public; Owner: postgres
--

ALTER TABLE ONLY public.usuarios_usuario_user_permissions
    ADD CONSTRAINT usuarios_usuario_use_permission_id_4e5c0f2f_fk_auth_perm FOREIGN KEY (permission_id) REFERENCES public.auth_permission(id) DEFERRABLE INITIALLY DEFERRED;


--
-- Name: usuarios_usuario_user_permissions usuarios_usuario_use_usuario_id_60aeea80_fk_usuarios_; Type: FK CONSTRAINT; Schema: public; Owner: postgres
--

ALTER TABLE ONLY public.usuarios_usuario_user_permissions
    ADD CONSTRAINT usuarios_usuario_use_usuario_id_60aeea80_fk_usuarios_ FOREIGN KEY (usuario_id) REFERENCES public.usuarios_usuario(id) DEFERRABLE INITIALLY DEFERRED;


--
-- Name: usuarios_voluntario usuarios_voluntario_usuario_id_126797aa_fk_usuarios_usuario_id; Type: FK CONSTRAINT; Schema: public; Owner: postgres
--

ALTER TABLE ONLY public.usuarios_voluntario
    ADD CONSTRAINT usuarios_voluntario_usuario_id_126797aa_fk_usuarios_usuario_id FOREIGN KEY (usuario_id) REFERENCES public.usuarios_usuario(id) DEFERRABLE INITIALLY DEFERRED;


--
-- Name: usuarios_voluntario usuarios_voluntario_zona_id_48b36375_fk_zonas_zona_id; Type: FK CONSTRAINT; Schema: public; Owner: postgres
--

ALTER TABLE ONLY public.usuarios_voluntario
    ADD CONSTRAINT usuarios_voluntario_zona_id_48b36375_fk_zonas_zona_id FOREIGN KEY (zona_id) REFERENCES public.zonas_zona(id) DEFERRABLE INITIALLY DEFERRED;


--
-- Name: zonas_ubicacion zonas_ubicacion_zona_id_00bc57c7_fk_zonas_zona_id; Type: FK CONSTRAINT; Schema: public; Owner: postgres
--

ALTER TABLE ONLY public.zonas_ubicacion
    ADD CONSTRAINT zonas_ubicacion_zona_id_00bc57c7_fk_zonas_zona_id FOREIGN KEY (zona_id) REFERENCES public.zonas_zona(id) DEFERRABLE INITIALLY DEFERRED;


--
-- PostgreSQL database dump complete
--

