--
-- PostgreSQL database dump
--

-- Dumped from database version 17.5
-- Dumped by pg_dump version 17.5

SET statement_timeout = 0;
SET lock_timeout = 0;
SET idle_in_transaction_session_timeout = 0;
SET transaction_timeout = 0;
SET client_encoding = 'UTF8';
SET standard_conforming_strings = on;
SELECT pg_catalog.set_config('search_path', '', false);
SET check_function_bodies = false;
SET xmloption = content;
SET client_min_messages = warning;
SET row_security = off;

SET default_tablespace = '';

SET default_table_access_method = heap;

--
-- Name: auth_group; Type: TABLE; Schema: public; Owner: postgres
--

CREATE TABLE public.auth_group (
    id integer NOT NULL,
    name character varying(150) NOT NULL
);


ALTER TABLE public.auth_group OWNER TO postgres;

--
-- Name: auth_group_id_seq; Type: SEQUENCE; Schema: public; Owner: postgres
--

ALTER TABLE public.auth_group ALTER COLUMN id ADD GENERATED BY DEFAULT AS IDENTITY (
    SEQUENCE NAME public.auth_group_id_seq
    START WITH 1
    INCREMENT BY 1
    NO MINVALUE
    NO MAXVALUE
    CACHE 1
);


--
-- Name: auth_group_permissions; Type: TABLE; Schema: public; Owner: postgres
--

CREATE TABLE public.auth_group_permissions (
    id bigint NOT NULL,
    group_id integer NOT NULL,
    permission_id integer NOT NULL
);


ALTER TABLE public.auth_group_permissions OWNER TO postgres;

--
-- Name: auth_group_permissions_id_seq; Type: SEQUENCE; Schema: public; Owner: postgres
--

ALTER TABLE public.auth_group_permissions ALTER COLUMN id ADD GENERATED BY DEFAULT AS IDENTITY (
    SEQUENCE NAME public.auth_group_permissions_id_seq
    START WITH 1
    INCREMENT BY 1
    NO MINVALUE
    NO MAXVALUE
    CACHE 1
);


--
-- Name: auth_permission; Type: TABLE; Schema: public; Owner: postgres
--

CREATE TABLE public.auth_permission (
    id integer NOT NULL,
    name character varying(255) NOT NULL,
    content_type_id integer NOT NULL,
    codename character varying(100) NOT NULL
);


ALTER TABLE public.auth_permission OWNER TO postgres;

--
-- Name: auth_permission_id_seq; Type: SEQUENCE; Schema: public; Owner: postgres
--

ALTER TABLE public.auth_permission ALTER COLUMN id ADD GENERATED BY DEFAULT AS IDENTITY (
    SEQUENCE NAME public.auth_permission_id_seq
    START WITH 1
    INCREMENT BY 1
    NO MINVALUE
    NO MAXVALUE
    CACHE 1
);


--
-- Name: comentarios_comentario; Type: TABLE; Schema: public; Owner: postgres
--

CREATE TABLE public.comentarios_comentario (
    id bigint NOT NULL,
    comentario text NOT NULL,
    fecha timestamp with time zone NOT NULL,
    publicacion_id bigint NOT NULL,
    usuario_id bigint NOT NULL
);


ALTER TABLE public.comentarios_comentario OWNER TO postgres;

--
-- Name: comentarios_comentario_id_seq; Type: SEQUENCE; Schema: public; Owner: postgres
--

ALTER TABLE public.comentarios_comentario ALTER COLUMN id ADD GENERATED BY DEFAULT AS IDENTITY (
    SEQUENCE NAME public.comentarios_comentario_id_seq
    START WITH 1
    INCREMENT BY 1
    NO MINVALUE
    NO MAXVALUE
    CACHE 1
);


--
-- Name: django_admin_log; Type: TABLE; Schema: public; Owner: postgres
--

CREATE TABLE public.django_admin_log (
    id integer NOT NULL,
    action_time timestamp with time zone NOT NULL,
    object_id text,
    object_repr character varying(200) NOT NULL,
    action_flag smallint NOT NULL,
    change_message text NOT NULL,
    content_type_id integer,
    user_id bigint NOT NULL,
    CONSTRAINT django_admin_log_action_flag_check CHECK ((action_flag >= 0))
);


ALTER TABLE public.django_admin_log OWNER TO postgres;

--
-- Name: django_admin_log_id_seq; Type: SEQUENCE; Schema: public; Owner: postgres
--

ALTER TABLE public.django_admin_log ALTER COLUMN id ADD GENERATED BY DEFAULT AS IDENTITY (
    SEQUENCE NAME public.django_admin_log_id_seq
    START WITH 1
    INCREMENT BY 1
    NO MINVALUE
    NO MAXVALUE
    CACHE 1
);


--
-- Name: django_content_type; Type: TABLE; Schema: public; Owner: postgres
--

CREATE TABLE public.django_content_type (
    id integer NOT NULL,
    app_label character varying(100) NOT NULL,
    model character varying(100) NOT NULL
);


ALTER TABLE public.django_content_type OWNER TO postgres;

--
-- Name: django_content_type_id_seq; Type: SEQUENCE; Schema: public; Owner: postgres
--

ALTER TABLE public.django_content_type ALTER COLUMN id ADD GENERATED BY DEFAULT AS IDENTITY (
    SEQUENCE NAME public.django_content_type_id_seq
    START WITH 1
    INCREMENT BY 1
    NO MINVALUE
    NO MAXVALUE
    CACHE 1
);


--
-- Name: django_migrations; Type: TABLE; Schema: public; Owner: postgres
--

CREATE TABLE public.django_migrations (
    id bigint NOT NULL,
    app character varying(255) NOT NULL,
    name character varying(255) NOT NULL,
    applied timestamp with time zone NOT NULL
);


ALTER TABLE public.django_migrations OWNER TO postgres;

--
-- Name: django_migrations_id_seq; Type: SEQUENCE; Schema: public; Owner: postgres
--

ALTER TABLE public.django_migrations ALTER COLUMN id ADD GENERATED BY DEFAULT AS IDENTITY (
    SEQUENCE NAME public.django_migrations_id_seq
    START WITH 1
    INCREMENT BY 1
    NO MINVALUE
    NO MAXVALUE
    CACHE 1
);


--
-- Name: django_session; Type: TABLE; Schema: public; Owner: postgres
--

CREATE TABLE public.django_session (
    session_key character varying(40) NOT NULL,
    session_data text NOT NULL,
    expire_date timestamp with time zone NOT NULL
);


ALTER TABLE public.django_session OWNER TO postgres;

--
-- Name: donaciones_archivoadjunto; Type: TABLE; Schema: public; Owner: postgres
--

CREATE TABLE public.donaciones_archivoadjunto (
    id bigint NOT NULL,
    url character varying(200) NOT NULL,
    tipo character varying(50) NOT NULL,
    publicacion_id bigint NOT NULL
);


ALTER TABLE public.donaciones_archivoadjunto OWNER TO postgres;

--
-- Name: donaciones_archivoadjunto_id_seq; Type: SEQUENCE; Schema: public; Owner: postgres
--

ALTER TABLE public.donaciones_archivoadjunto ALTER COLUMN id ADD GENERATED BY DEFAULT AS IDENTITY (
    SEQUENCE NAME public.donaciones_archivoadjunto_id_seq
    START WITH 1
    INCREMENT BY 1
    NO MINVALUE
    NO MAXVALUE
    CACHE 1
);


--
-- Name: donaciones_categoriacomida; Type: TABLE; Schema: public; Owner: postgres
--

CREATE TABLE public.donaciones_categoriacomida (
    id bigint NOT NULL,
    nombre character varying(50) NOT NULL
);


ALTER TABLE public.donaciones_categoriacomida OWNER TO postgres;

--
-- Name: donaciones_categoriacomida_id_seq; Type: SEQUENCE; Schema: public; Owner: postgres
--

ALTER TABLE public.donaciones_categoriacomida ALTER COLUMN id ADD GENERATED BY DEFAULT AS IDENTITY (
    SEQUENCE NAME public.donaciones_categoriacomida_id_seq
    START WITH 1
    INCREMENT BY 1
    NO MINVALUE
    NO MAXVALUE
    CACHE 1
);


--
-- Name: donaciones_comida; Type: TABLE; Schema: public; Owner: postgres
--

CREATE TABLE public.donaciones_comida (
    id bigint NOT NULL,
    nombre character varying(100) NOT NULL,
    cantidad character varying(50) NOT NULL,
    ingredientes text NOT NULL,
    categoria_id bigint NOT NULL,
    publicacion_id bigint NOT NULL
);


ALTER TABLE public.donaciones_comida OWNER TO postgres;

--
-- Name: donaciones_comida_id_seq; Type: SEQUENCE; Schema: public; Owner: postgres
--

ALTER TABLE public.donaciones_comida ALTER COLUMN id ADD GENERATED BY DEFAULT AS IDENTITY (
    SEQUENCE NAME public.donaciones_comida_id_seq
    START WITH 1
    INCREMENT BY 1
    NO MINVALUE
    NO MAXVALUE
    CACHE 1
);


--
-- Name: donaciones_estadodonacion; Type: TABLE; Schema: public; Owner: postgres
--

CREATE TABLE public.donaciones_estadodonacion (
    id bigint NOT NULL,
    nombre character varying(50) NOT NULL
);


ALTER TABLE public.donaciones_estadodonacion OWNER TO postgres;

--
-- Name: donaciones_estadodonacion_id_seq; Type: SEQUENCE; Schema: public; Owner: postgres
--

ALTER TABLE public.donaciones_estadodonacion ALTER COLUMN id ADD GENERATED BY DEFAULT AS IDENTITY (
    SEQUENCE NAME public.donaciones_estadodonacion_id_seq
    START WITH 1
    INCREMENT BY 1
    NO MINVALUE
    NO MAXVALUE
    CACHE 1
);


--
-- Name: donaciones_publicacion; Type: TABLE; Schema: public; Owner: postgres
--

CREATE TABLE public.donaciones_publicacion (
    id bigint NOT NULL,
    titulo character varying(150) NOT NULL,
    descripcion text NOT NULL,
    cantidad integer NOT NULL,
    fecha_publicacion timestamp with time zone NOT NULL,
    fecha_caducidad date NOT NULL,
    estado_id bigint NOT NULL,
    ubicacion_id bigint NOT NULL,
    zona_id bigint NOT NULL,
    sucursal_id bigint NOT NULL
);


ALTER TABLE public.donaciones_publicacion OWNER TO postgres;

--
-- Name: donaciones_publicacion_id_seq; Type: SEQUENCE; Schema: public; Owner: postgres
--

ALTER TABLE public.donaciones_publicacion ALTER COLUMN id ADD GENERATED BY DEFAULT AS IDENTITY (
    SEQUENCE NAME public.donaciones_publicacion_id_seq
    START WITH 1
    INCREMENT BY 1
    NO MINVALUE
    NO MAXVALUE
    CACHE 1
);


--
-- Name: donaciones_sucursal; Type: TABLE; Schema: public; Owner: postgres
--

CREATE TABLE public.donaciones_sucursal (
    id bigint NOT NULL,
    nombre character varying(100) NOT NULL,
    direccion text NOT NULL,
    telefono character varying(20) NOT NULL,
    horario_apertura time without time zone NOT NULL,
    horario_cierre time without time zone NOT NULL,
    representante character varying(100) NOT NULL,
    donador_id bigint NOT NULL,
    ubicacion_id bigint NOT NULL,
    zona_id bigint NOT NULL
);


ALTER TABLE public.donaciones_sucursal OWNER TO postgres;

--
-- Name: donaciones_sucursal_id_seq; Type: SEQUENCE; Schema: public; Owner: postgres
--

ALTER TABLE public.donaciones_sucursal ALTER COLUMN id ADD GENERATED BY DEFAULT AS IDENTITY (
    SEQUENCE NAME public.donaciones_sucursal_id_seq
    START WITH 1
    INCREMENT BY 1
    NO MINVALUE
    NO MAXVALUE
    CACHE 1
);


--
-- Name: notificaciones_notificacion; Type: TABLE; Schema: public; Owner: postgres
--

CREATE TABLE public.notificaciones_notificacion (
    id bigint NOT NULL,
    mensaje text NOT NULL,
    fecha timestamp with time zone NOT NULL,
    leido boolean NOT NULL,
    usuario_id bigint NOT NULL
);


ALTER TABLE public.notificaciones_notificacion OWNER TO postgres;

--
-- Name: notificaciones_notificacion_id_seq; Type: SEQUENCE; Schema: public; Owner: postgres
--

ALTER TABLE public.notificaciones_notificacion ALTER COLUMN id ADD GENERATED BY DEFAULT AS IDENTITY (
    SEQUENCE NAME public.notificaciones_notificacion_id_seq
    START WITH 1
    INCREMENT BY 1
    NO MINVALUE
    NO MAXVALUE
    CACHE 1
);


--
-- Name: solicitudes_historialdonacion; Type: TABLE; Schema: public; Owner: postgres
--

CREATE TABLE public.solicitudes_historialdonacion (
    id bigint NOT NULL,
    fecha timestamp with time zone NOT NULL,
    tipo character varying(20) NOT NULL,
    donador_id bigint NOT NULL,
    publicacion_id bigint NOT NULL,
    receptor_id bigint NOT NULL
);


ALTER TABLE public.solicitudes_historialdonacion OWNER TO postgres;

--
-- Name: solicitudes_historialdonacion_id_seq; Type: SEQUENCE; Schema: public; Owner: postgres
--

ALTER TABLE public.solicitudes_historialdonacion ALTER COLUMN id ADD GENERATED BY DEFAULT AS IDENTITY (
    SEQUENCE NAME public.solicitudes_historialdonacion_id_seq
    START WITH 1
    INCREMENT BY 1
    NO MINVALUE
    NO MAXVALUE
    CACHE 1
);


--
-- Name: solicitudes_solicitud; Type: TABLE; Schema: public; Owner: postgres
--

CREATE TABLE public.solicitudes_solicitud (
    id bigint NOT NULL,
    fecha_solicitud timestamp with time zone NOT NULL,
    estado character varying(50) NOT NULL,
    comentarios text,
    publicacion_id bigint NOT NULL,
    receptor_id bigint NOT NULL
);


ALTER TABLE public.solicitudes_solicitud OWNER TO postgres;

--
-- Name: solicitudes_solicitud_id_seq; Type: SEQUENCE; Schema: public; Owner: postgres
--

ALTER TABLE public.solicitudes_solicitud ALTER COLUMN id ADD GENERATED BY DEFAULT AS IDENTITY (
    SEQUENCE NAME public.solicitudes_solicitud_id_seq
    START WITH 1
    INCREMENT BY 1
    NO MINVALUE
    NO MAXVALUE
    CACHE 1
);


--
-- Name: token_blacklist_blacklistedtoken; Type: TABLE; Schema: public; Owner: postgres
--

CREATE TABLE public.token_blacklist_blacklistedtoken (
    id bigint NOT NULL,
    blacklisted_at timestamp with time zone NOT NULL,
    token_id bigint NOT NULL
);


ALTER TABLE public.token_blacklist_blacklistedtoken OWNER TO postgres;

--
-- Name: token_blacklist_blacklistedtoken_id_seq; Type: SEQUENCE; Schema: public; Owner: postgres
--

ALTER TABLE public.token_blacklist_blacklistedtoken ALTER COLUMN id ADD GENERATED BY DEFAULT AS IDENTITY (
    SEQUENCE NAME public.token_blacklist_blacklistedtoken_id_seq
    START WITH 1
    INCREMENT BY 1
    NO MINVALUE
    NO MAXVALUE
    CACHE 1
);


--
-- Name: token_blacklist_outstandingtoken; Type: TABLE; Schema: public; Owner: postgres
--

CREATE TABLE public.token_blacklist_outstandingtoken (
    id bigint NOT NULL,
    token text NOT NULL,
    created_at timestamp with time zone,
    expires_at timestamp with time zone NOT NULL,
    user_id bigint,
    jti character varying(255) NOT NULL
);


ALTER TABLE public.token_blacklist_outstandingtoken OWNER TO postgres;

--
-- Name: token_blacklist_outstandingtoken_id_seq; Type: SEQUENCE; Schema: public; Owner: postgres
--

ALTER TABLE public.token_blacklist_outstandingtoken ALTER COLUMN id ADD GENERATED BY DEFAULT AS IDENTITY (
    SEQUENCE NAME public.token_blacklist_outstandingtoken_id_seq
    START WITH 1
    INCREMENT BY 1
    NO MINVALUE
    NO MAXVALUE
    CACHE 1
);


--
-- Name: usuarios_administrador; Type: TABLE; Schema: public; Owner: postgres
--

CREATE TABLE public.usuarios_administrador (
    id bigint NOT NULL,
    nombre character varying(100) NOT NULL,
    correo character varying(254) NOT NULL,
    password character varying(255) NOT NULL,
    fecha_registro timestamp with time zone NOT NULL,
    activo boolean NOT NULL
);


ALTER TABLE public.usuarios_administrador OWNER TO postgres;

--
-- Name: usuarios_administrador_id_seq; Type: SEQUENCE; Schema: public; Owner: postgres
--

ALTER TABLE public.usuarios_administrador ALTER COLUMN id ADD GENERATED BY DEFAULT AS IDENTITY (
    SEQUENCE NAME public.usuarios_administrador_id_seq
    START WITH 1
    INCREMENT BY 1
    NO MINVALUE
    NO MAXVALUE
    CACHE 1
);


--
-- Name: usuarios_donador; Type: TABLE; Schema: public; Owner: postgres
--

CREATE TABLE public.usuarios_donador (
    id bigint NOT NULL,
    nombre_lugar character varying(100) NOT NULL,
    representante character varying(100) NOT NULL,
    telefono character varying(20) NOT NULL,
    descripcion text NOT NULL,
    horario_apertura time without time zone NOT NULL,
    horario_cierre time without time zone NOT NULL,
    usuario_id bigint NOT NULL
);


ALTER TABLE public.usuarios_donador OWNER TO postgres;

--
-- Name: usuarios_donador_id_seq; Type: SEQUENCE; Schema: public; Owner: postgres
--

ALTER TABLE public.usuarios_donador ALTER COLUMN id ADD GENERATED BY DEFAULT AS IDENTITY (
    SEQUENCE NAME public.usuarios_donador_id_seq
    START WITH 1
    INCREMENT BY 1
    NO MINVALUE
    NO MAXVALUE
    CACHE 1
);


--
-- Name: usuarios_logsistema; Type: TABLE; Schema: public; Owner: postgres
--

CREATE TABLE public.usuarios_logsistema (
    id bigint NOT NULL,
    fecha timestamp with time zone NOT NULL,
    usuario character varying(100),
    accion character varying(100) NOT NULL,
    detalle text NOT NULL
);


ALTER TABLE public.usuarios_logsistema OWNER TO postgres;

--
-- Name: usuarios_logsistema_id_seq; Type: SEQUENCE; Schema: public; Owner: postgres
--

ALTER TABLE public.usuarios_logsistema ALTER COLUMN id ADD GENERATED BY DEFAULT AS IDENTITY (
    SEQUENCE NAME public.usuarios_logsistema_id_seq
    START WITH 1
    INCREMENT BY 1
    NO MINVALUE
    NO MAXVALUE
    CACHE 1
);


--
-- Name: usuarios_receptor; Type: TABLE; Schema: public; Owner: postgres
--

CREATE TABLE public.usuarios_receptor (
    id bigint NOT NULL,
    nombre_lugar character varying(100) NOT NULL,
    encargado character varying(100) NOT NULL,
    telefono character varying(20) NOT NULL,
    direccion text NOT NULL,
    capacidad integer NOT NULL,
    horario_apertura time without time zone NOT NULL,
    horario_cierre time without time zone NOT NULL,
    usuario_id bigint NOT NULL
);


ALTER TABLE public.usuarios_receptor OWNER TO postgres;

--
-- Name: usuarios_receptor_id_seq; Type: SEQUENCE; Schema: public; Owner: postgres
--

ALTER TABLE public.usuarios_receptor ALTER COLUMN id ADD GENERATED BY DEFAULT AS IDENTITY (
    SEQUENCE NAME public.usuarios_receptor_id_seq
    START WITH 1
    INCREMENT BY 1
    NO MINVALUE
    NO MAXVALUE
    CACHE 1
);


--
-- Name: usuarios_rol; Type: TABLE; Schema: public; Owner: postgres
--

CREATE TABLE public.usuarios_rol (
    id bigint NOT NULL,
    nombre character varying(50) NOT NULL
);


ALTER TABLE public.usuarios_rol OWNER TO postgres;

--
-- Name: usuarios_rol_id_seq; Type: SEQUENCE; Schema: public; Owner: postgres
--

ALTER TABLE public.usuarios_rol ALTER COLUMN id ADD GENERATED BY DEFAULT AS IDENTITY (
    SEQUENCE NAME public.usuarios_rol_id_seq
    START WITH 1
    INCREMENT BY 1
    NO MINVALUE
    NO MAXVALUE
    CACHE 1
);


--
-- Name: usuarios_usuario; Type: TABLE; Schema: public; Owner: postgres
--

CREATE TABLE public.usuarios_usuario (
    id bigint NOT NULL,
    password character varying(128) NOT NULL,
    last_login timestamp with time zone,
    is_superuser boolean NOT NULL,
    nombre character varying(100) NOT NULL,
    correo character varying(254) NOT NULL,
    fecha_registro timestamp with time zone NOT NULL,
    activo boolean NOT NULL,
    is_staff boolean NOT NULL,
    is_active boolean NOT NULL,
    rol_id bigint NOT NULL
);


ALTER TABLE public.usuarios_usuario OWNER TO postgres;

--
-- Name: usuarios_usuario_groups; Type: TABLE; Schema: public; Owner: postgres
--

CREATE TABLE public.usuarios_usuario_groups (
    id bigint NOT NULL,
    usuario_id bigint NOT NULL,
    group_id integer NOT NULL
);


ALTER TABLE public.usuarios_usuario_groups OWNER TO postgres;

--
-- Name: usuarios_usuario_groups_id_seq; Type: SEQUENCE; Schema: public; Owner: postgres
--

ALTER TABLE public.usuarios_usuario_groups ALTER COLUMN id ADD GENERATED BY DEFAULT AS IDENTITY (
    SEQUENCE NAME public.usuarios_usuario_groups_id_seq
    START WITH 1
    INCREMENT BY 1
    NO MINVALUE
    NO MAXVALUE
    CACHE 1
);


--
-- Name: usuarios_usuario_id_seq; Type: SEQUENCE; Schema: public; Owner: postgres
--

ALTER TABLE public.usuarios_usuario ALTER COLUMN id ADD GENERATED BY DEFAULT AS IDENTITY (
    SEQUENCE NAME public.usuarios_usuario_id_seq
    START WITH 1
    INCREMENT BY 1
    NO MINVALUE
    NO MAXVALUE
    CACHE 1
);


--
-- Name: usuarios_usuario_user_permissions; Type: TABLE; Schema: public; Owner: postgres
--

CREATE TABLE public.usuarios_usuario_user_permissions (
    id bigint NOT NULL,
    usuario_id bigint NOT NULL,
    permission_id integer NOT NULL
);


ALTER TABLE public.usuarios_usuario_user_permissions OWNER TO postgres;

--
-- Name: usuarios_usuario_user_permissions_id_seq; Type: SEQUENCE; Schema: public; Owner: postgres
--

ALTER TABLE public.usuarios_usuario_user_permissions ALTER COLUMN id ADD GENERATED BY DEFAULT AS IDENTITY (
    SEQUENCE NAME public.usuarios_usuario_user_permissions_id_seq
    START WITH 1
    INCREMENT BY 1
    NO MINVALUE
    NO MAXVALUE
    CACHE 1
);


--
-- Name: usuarios_voluntario; Type: TABLE; Schema: public; Owner: postgres
--

CREATE TABLE public.usuarios_voluntario (
    id bigint NOT NULL,
    telefono character varying(20) NOT NULL,
    usuario_id bigint NOT NULL,
    zona_id bigint NOT NULL
);


ALTER TABLE public.usuarios_voluntario OWNER TO postgres;

--
-- Name: usuarios_voluntario_id_seq; Type: SEQUENCE; Schema: public; Owner: postgres
--

ALTER TABLE public.usuarios_voluntario ALTER COLUMN id ADD GENERATED BY DEFAULT AS IDENTITY (
    SEQUENCE NAME public.usuarios_voluntario_id_seq
    START WITH 1
    INCREMENT BY 1
    NO MINVALUE
    NO MAXVALUE
    CACHE 1
);


--
-- Name: zonas_ubicacion; Type: TABLE; Schema: public; Owner: postgres
--

CREATE TABLE public.zonas_ubicacion (
    id bigint NOT NULL,
    direccion text NOT NULL,
    latitud double precision NOT NULL,
    longitud double precision NOT NULL,
    zona_id bigint
);


ALTER TABLE public.zonas_ubicacion OWNER TO postgres;

--
-- Name: zonas_ubicacion_id_seq; Type: SEQUENCE; Schema: public; Owner: postgres
--

ALTER TABLE public.zonas_ubicacion ALTER COLUMN id ADD GENERATED BY DEFAULT AS IDENTITY (
    SEQUENCE NAME public.zonas_ubicacion_id_seq
    START WITH 1
    INCREMENT BY 1
    NO MINVALUE
    NO MAXVALUE
    CACHE 1
);


--
-- Name: zonas_zona; Type: TABLE; Schema: public; Owner: postgres
--

CREATE TABLE public.zonas_zona (
    id bigint NOT NULL,
    nombre character varying(100) NOT NULL,
    codigo_postal character varying(10) NOT NULL,
    ciudad character varying(100) NOT NULL,
    estado character varying(100) NOT NULL
);


ALTER TABLE public.zonas_zona OWNER TO postgres;

--
-- Name: zonas_zona_id_seq; Type: SEQUENCE; Schema: public; Owner: postgres
--

ALTER TABLE public.zonas_zona ALTER COLUMN id ADD GENERATED BY DEFAULT AS IDENTITY (
    SEQUENCE NAME public.zonas_zona_id_seq
    START WITH 1
    INCREMENT BY 1
    NO MINVALUE
    NO MAXVALUE
    CACHE 1
);


--
-- Data for Name: auth_group; Type: TABLE DATA; Schema: public; Owner: postgres
--

COPY public.auth_group (id, name) FROM stdin;
\.


--
-- Data for Name: auth_group_permissions; Type: TABLE DATA; Schema: public; Owner: postgres
--

COPY public.auth_group_permissions (id, group_id, permission_id) FROM stdin;
\.


--
-- Data for Name: auth_permission; Type: TABLE DATA; Schema: public; Owner: postgres
--

COPY public.auth_permission (id, name, content_type_id, codename) FROM stdin;
\.


--
-- Data for Name: comentarios_comentario; Type: TABLE DATA; Schema: public; Owner: postgres
--

COPY public.comentarios_comentario (id, comentario, fecha, publicacion_id, usuario_id) FROM stdin;
\.


--
-- Data for Name: django_admin_log; Type: TABLE DATA; Schema: public; Owner: postgres
--

COPY public.django_admin_log (id, action_time, object_id, object_repr, action_flag, change_message, content_type_id, user_id) FROM stdin;
1	2025-07-29 20:42:12.147099-07	1	El Lago	1	[{"added": {}}]	1	1
2	2025-07-29 20:42:41.234083-07	2	Loma Dorada	1	[{"added": {}}]	1	1
3	2025-07-29 20:43:22.64036-07	3	Niños Héroes (La Mesa)	1	[{"added": {}}]	1	1
4	2025-07-29 20:43:31.985919-07	3	Niños Héroes (La Mesa)	2	[{"changed": {"fields": ["Estado"]}}]	1	1
5	2025-07-29 20:44:18.424794-07	4	Los Venados	1	[{"added": {}}]	1	1
6	2025-07-29 20:44:54.922232-07	5	Terrazas de La Presa	1	[{"added": {}}]	1	1
7	2025-07-29 20:45:18.156481-07	6	Colinas de la Presa	1	[{"added": {}}]	1	1
8	2025-07-29 20:46:17.723618-07	7	Residencial Alameda	1	[{"added": {}}]	1	1
9	2025-07-29 20:47:01.586141-07	8	Insurgentes	1	[{"added": {}}]	1	1
10	2025-07-29 20:47:25.29871-07	9	Río Tijuana 3ra. Etapa	1	[{"added": {}}]	1	1
11	2025-07-29 20:47:47.200684-07	10	Mariano Matamoros (Centro)	1	[{"added": {}}]	1	1
12	2025-07-29 20:48:18.942425-07	11	El Florido 2da. Sección	1	[{"added": {}}]	1	1
13	2025-07-29 20:48:48.530159-07	12	El Refugio	1	[{"added": {}}]	1	1
14	2025-07-29 20:49:30.728577-07	13	El Laurel I	1	[{"added": {}}]	1	1
15	2025-07-29 20:50:33.909025-07	14	La Jolla	1	[{"added": {}}]	1	1
16	2025-07-29 21:19:27.207319-07	1	Ness	2	[{"changed": {"fields": ["Rol"]}}]	4	1
17	2025-07-29 21:19:36.748591-07	2	Roberto Martínez	2	[{"changed": {"fields": ["Rol"]}}]	4	1
18	2025-07-29 21:19:44.911033-07	3	Giovanni Bianchi	2	[{"changed": {"fields": ["Rol"]}}]	4	1
19	2025-07-29 21:19:51.965855-07	4	María Fernández	2	[{"changed": {"fields": ["Rol"]}}]	4	1
\.


--
-- Data for Name: django_content_type; Type: TABLE DATA; Schema: public; Owner: postgres
--

COPY public.django_content_type (id, app_label, model) FROM stdin;
1	zonas	zona
2	zonas	ubicacion
3	usuarios	rol
4	usuarios	usuario
\.


--
-- Data for Name: django_migrations; Type: TABLE DATA; Schema: public; Owner: postgres
--

COPY public.django_migrations (id, app, name, applied) FROM stdin;
1	zonas	0001_initial	2025-07-29 18:38:24.573567-07
2	contenttypes	0001_initial	2025-07-29 18:38:24.58242-07
3	contenttypes	0002_remove_content_type_name	2025-07-29 18:38:24.589094-07
4	auth	0001_initial	2025-07-29 18:38:24.623401-07
5	auth	0002_alter_permission_name_max_length	2025-07-29 18:38:24.627652-07
6	auth	0003_alter_user_email_max_length	2025-07-29 18:38:24.632438-07
7	auth	0004_alter_user_username_opts	2025-07-29 18:38:24.637123-07
8	auth	0005_alter_user_last_login_null	2025-07-29 18:38:24.640874-07
9	auth	0006_require_contenttypes_0002	2025-07-29 18:38:24.642288-07
10	auth	0007_alter_validators_add_error_messages	2025-07-29 18:38:24.645409-07
11	auth	0008_alter_user_username_max_length	2025-07-29 18:38:24.649369-07
12	auth	0009_alter_user_last_name_max_length	2025-07-29 18:38:24.653822-07
13	auth	0010_alter_group_name_max_length	2025-07-29 18:38:24.660185-07
14	auth	0011_update_proxy_permissions	2025-07-29 18:38:24.667101-07
15	auth	0012_alter_user_first_name_max_length	2025-07-29 18:38:24.671087-07
16	usuarios	0001_initial	2025-07-29 18:38:24.754159-07
17	admin	0001_initial	2025-07-29 18:38:24.773216-07
18	admin	0002_logentry_remove_auto_add	2025-07-29 18:38:24.781169-07
19	admin	0003_logentry_add_action_flag_choices	2025-07-29 18:38:24.790189-07
20	donaciones	0001_initial	2025-07-29 18:38:24.889367-07
21	comentarios	0001_initial	2025-07-29 18:38:24.916872-07
22	notificaciones	0001_initial	2025-07-29 18:38:24.936167-07
23	sessions	0001_initial	2025-07-29 18:38:24.945231-07
24	solicitudes	0001_initial	2025-07-29 18:38:24.993831-07
25	token_blacklist	0001_initial	2025-07-29 18:38:25.037956-07
26	token_blacklist	0002_outstandingtoken_jti_hex	2025-07-29 18:38:25.047853-07
27	token_blacklist	0003_auto_20171017_2007	2025-07-29 18:38:25.068042-07
28	token_blacklist	0004_auto_20171017_2013	2025-07-29 18:38:25.081995-07
29	token_blacklist	0005_remove_outstandingtoken_jti	2025-07-29 18:38:25.091415-07
30	token_blacklist	0006_auto_20171017_2113	2025-07-29 18:38:25.103427-07
31	token_blacklist	0007_auto_20171017_2214	2025-07-29 18:38:25.14004-07
32	token_blacklist	0008_migrate_to_bigautofield	2025-07-29 18:38:25.18438-07
33	token_blacklist	0010_fix_migrate_to_bigautofield	2025-07-29 18:38:25.209514-07
34	token_blacklist	0011_linearizes_history	2025-07-29 18:38:25.211633-07
35	token_blacklist	0012_alter_outstandingtoken_user	2025-07-29 18:38:25.228241-07
36	token_blacklist	0013_alter_blacklistedtoken_options_and_more	2025-07-29 18:38:25.240083-07
\.


--
-- Data for Name: django_session; Type: TABLE DATA; Schema: public; Owner: postgres
--

COPY public.django_session (session_key, session_data, expire_date) FROM stdin;
ak94hm966th6w8dmryh6x3c5srf8zi9u	.eJxVjDsOwjAQBe_iGlkxJutdSnrOEO3HwQHkSPlUiLtDpBTQvpl5L9fxupRunfPUDebOLrjD7yasj1w3YHeut9HrWJdpEL8pfqezv46Wn5fd_TsoPJdvjSrUHhvtU-oVMkCPSg0BBEwoBGQSUiRCThbJ8NRqBM6EIWZuTNz7A9mQN60:1ugx4V:HO5QkRpw2ZixHcj9l6SYH8T3AaztTttjvG72GESb_1I	2025-08-12 20:01:39.969079-07
\.


--
-- Data for Name: donaciones_archivoadjunto; Type: TABLE DATA; Schema: public; Owner: postgres
--

COPY public.donaciones_archivoadjunto (id, url, tipo, publicacion_id) FROM stdin;
\.


--
-- Data for Name: donaciones_categoriacomida; Type: TABLE DATA; Schema: public; Owner: postgres
--

COPY public.donaciones_categoriacomida (id, nombre) FROM stdin;
\.


--
-- Data for Name: donaciones_comida; Type: TABLE DATA; Schema: public; Owner: postgres
--

COPY public.donaciones_comida (id, nombre, cantidad, ingredientes, categoria_id, publicacion_id) FROM stdin;
\.


--
-- Data for Name: donaciones_estadodonacion; Type: TABLE DATA; Schema: public; Owner: postgres
--

COPY public.donaciones_estadodonacion (id, nombre) FROM stdin;
\.


--
-- Data for Name: donaciones_publicacion; Type: TABLE DATA; Schema: public; Owner: postgres
--

COPY public.donaciones_publicacion (id, titulo, descripcion, cantidad, fecha_publicacion, fecha_caducidad, estado_id, ubicacion_id, zona_id, sucursal_id) FROM stdin;
\.


--
-- Data for Name: donaciones_sucursal; Type: TABLE DATA; Schema: public; Owner: postgres
--

COPY public.donaciones_sucursal (id, nombre, direccion, telefono, horario_apertura, horario_cierre, representante, donador_id, ubicacion_id, zona_id) FROM stdin;
\.


--
-- Data for Name: notificaciones_notificacion; Type: TABLE DATA; Schema: public; Owner: postgres
--

COPY public.notificaciones_notificacion (id, mensaje, fecha, leido, usuario_id) FROM stdin;
1	 Nuevo Donador registrado: Roberto Martínez	2025-07-29 21:07:49.166518-07	f	1
2	 Nuevo Donador registrado: Roberto Martínez	2025-07-29 21:07:49.17438-07	f	1
3	 Nuevo Donador registrado: Giovanni Bianchi	2025-07-29 21:09:31.78214-07	f	1
4	 Nuevo Donador registrado: Giovanni Bianchi	2025-07-29 21:09:31.786518-07	f	1
5	 Nuevo Donador registrado: María Fernández	2025-07-29 21:11:11.959714-07	f	1
6	 Nuevo Donador registrado: María Fernández	2025-07-29 21:11:11.965554-07	f	1
7	 Nuevo Donador registrado: Carlos Sánchez	2025-07-29 21:22:48.973951-07	f	1
8	 Nuevo Donador registrado: Carlos Sánchez	2025-07-29 21:22:48.978774-07	f	1
9	 Nuevo Donador registrado: Ana García	2025-07-29 21:24:05.926411-07	f	1
10	 Nuevo Donador registrado: Ana García	2025-07-29 21:24:05.931586-07	f	1
11	 Nuevo Donador registrado: Luis Ramírez	2025-07-29 21:25:16.077291-07	f	1
12	 Nuevo Donador registrado: Luis Ramírez	2025-07-29 21:25:16.083325-07	f	1
13	 Nuevo Receptor registrado: Juan Morales	2025-07-29 21:31:59.897553-07	f	1
14	 Nuevo Receptor registrado: Juan Morales	2025-07-29 21:31:59.899845-07	f	8
15	 Nuevo Receptor registrado: Dra. Laura Méndez	2025-07-29 21:34:14.427057-07	f	1
16	 Nuevo Receptor registrado: Dra. Laura Méndez	2025-07-29 21:34:14.428971-07	f	8
17	 Nuevo Receptor registrado: Dra. Laura Méndez	2025-07-29 21:34:14.43018-07	f	9
18	 Nuevo Receptor registrado: Lic. Carlos Ramírez	2025-07-29 21:35:22.249605-07	f	1
19	 Nuevo Receptor registrado: Lic. Carlos Ramírez	2025-07-29 21:35:22.251292-07	f	8
20	 Nuevo Receptor registrado: Lic. Carlos Ramírez	2025-07-29 21:35:22.25197-07	f	9
21	 Nuevo Receptor registrado: Lic. Carlos Ramírez	2025-07-29 21:35:22.252534-07	f	10
22	 Nuevo Receptor registrado: Hna. María Fernández	2025-07-29 21:38:51.219187-07	f	1
23	 Nuevo Receptor registrado: Hna. María Fernández	2025-07-29 21:38:51.221014-07	f	8
24	 Nuevo Receptor registrado: Hna. María Fernández	2025-07-29 21:38:51.221751-07	f	9
25	 Nuevo Receptor registrado: Hna. María Fernández	2025-07-29 21:38:51.222317-07	f	10
26	 Nuevo Receptor registrado: Hna. María Fernández	2025-07-29 21:38:51.222805-07	f	11
\.


--
-- Data for Name: solicitudes_historialdonacion; Type: TABLE DATA; Schema: public; Owner: postgres
--

COPY public.solicitudes_historialdonacion (id, fecha, tipo, donador_id, publicacion_id, receptor_id) FROM stdin;
\.


--
-- Data for Name: solicitudes_solicitud; Type: TABLE DATA; Schema: public; Owner: postgres
--

COPY public.solicitudes_solicitud (id, fecha_solicitud, estado, comentarios, publicacion_id, receptor_id) FROM stdin;
\.


--
-- Data for Name: token_blacklist_blacklistedtoken; Type: TABLE DATA; Schema: public; Owner: postgres
--

COPY public.token_blacklist_blacklistedtoken (id, blacklisted_at, token_id) FROM stdin;
\.


--
-- Data for Name: token_blacklist_outstandingtoken; Type: TABLE DATA; Schema: public; Owner: postgres
--

COPY public.token_blacklist_outstandingtoken (id, token, created_at, expires_at, user_id, jti) FROM stdin;
\.


--
-- Data for Name: usuarios_administrador; Type: TABLE DATA; Schema: public; Owner: postgres
--

COPY public.usuarios_administrador (id, nombre, correo, password, fecha_registro, activo) FROM stdin;
\.


--
-- Data for Name: usuarios_donador; Type: TABLE DATA; Schema: public; Owner: postgres
--

COPY public.usuarios_donador (id, nombre_lugar, representante, telefono, descripcion, horario_apertura, horario_cierre, usuario_id) FROM stdin;
1	Restaurante La Casa	Roberto Martínez	5551234567	Restaurante de comida mexicana tradicional con más de 20 años de experiencia	08:00:00	22:00:00	2
2	Trattoria Italia	Giovanni Bianchi	5552345678	Auténtica cocina italiana con ingredientes importados	11:30:00	23:00:00	3
3	Café Literario	María Fernández	5553456789	Café de especialidad con ambiente para lectura y trabajo	07:00:00	14:10:00	4
4	Panadería El Trigal	Carlos Sánchez	5554567890	Pan artesanal hecho con masa madre y horno de leña	05:00:00	20:00:00	5
5	Verde Vida	Ana García	5555678901	"Cocina 100% vegetal con productos orgánicos locales	09:00:00	22:00:00	6
6	Mariscos El Delfín	Luis Ramírez	5556789012	Pescados y mariscos frescos del día con recetas tradicionales	00:00:00	19:00:00	7
\.


--
-- Data for Name: usuarios_logsistema; Type: TABLE DATA; Schema: public; Owner: postgres
--

COPY public.usuarios_logsistema (id, fecha, usuario, accion, detalle) FROM stdin;
1	2025-07-29 20:42:12.139789-07	sistema	Creación de zona	Se creó la zona "El Lago" con ID 1.
2	2025-07-29 20:42:41.232277-07	sistema	Creación de zona	Se creó la zona "Loma Dorada" con ID 2.
3	2025-07-29 20:43:22.639138-07	sistema	Creación de zona	Se creó la zona "Niños Héroes (La Mesa)" con ID 3.
4	2025-07-29 20:43:31.984281-07	sistema	Edición de zona	Se actualizó la zona "Niños Héroes (La Mesa)" (ID 3).
5	2025-07-29 20:44:18.42376-07	sistema	Creación de zona	Se creó la zona "Los Venados" con ID 4.
6	2025-07-29 20:44:54.921127-07	sistema	Creación de zona	Se creó la zona "Terrazas de La Presa" con ID 5.
7	2025-07-29 20:45:18.155318-07	sistema	Creación de zona	Se creó la zona "Colinas de la Presa" con ID 6.
8	2025-07-29 20:46:17.722313-07	sistema	Creación de zona	Se creó la zona "Residencial Alameda" con ID 7.
9	2025-07-29 20:47:01.584718-07	sistema	Creación de zona	Se creó la zona "Insurgentes" con ID 8.
10	2025-07-29 20:47:25.297464-07	sistema	Creación de zona	Se creó la zona "Río Tijuana 3ra. Etapa" con ID 9.
11	2025-07-29 20:47:47.199357-07	sistema	Creación de zona	Se creó la zona "Mariano Matamoros (Centro)" con ID 10.
12	2025-07-29 20:48:18.941391-07	sistema	Creación de zona	Se creó la zona "El Florido 2da. Sección" con ID 11.
13	2025-07-29 20:48:48.528457-07	sistema	Creación de zona	Se creó la zona "El Refugio" con ID 12.
14	2025-07-29 20:49:30.727036-07	sistema	Creación de zona	Se creó la zona "El Laurel I" con ID 13.
15	2025-07-29 20:50:33.907813-07	sistema	Creación de zona	Se creó la zona "La Jolla" con ID 14.
16	2025-07-29 21:07:49.170851-07	sistema	Creación de donador	Se creó el donador "Restaurante La Casa" con ID 1.
17	2025-07-29 21:09:31.78449-07	sistema	Creación de donador	Se creó el donador "Trattoria Italia" con ID 2.
18	2025-07-29 21:11:11.9624-07	sistema	Creación de donador	Se creó el donador "Café Literario" con ID 3.
19	2025-07-29 21:22:48.97665-07	sistema	Creación de donador	Se creó el donador "Panadería El Trigal" con ID 4.
20	2025-07-29 21:24:05.929371-07	sistema	Creación de donador	Se creó el donador "Verde Vida" con ID 5.
21	2025-07-29 21:25:16.080411-07	sistema	Creación de donador	Se creó el donador "Mariscos El Delfín" con ID 6.
22	2025-07-29 21:31:59.894616-07	sistema	Creación de receptor	Se creó el receptor "Refugio San José" con ID 1.
23	2025-07-29 21:34:14.423547-07	sistema	Creación de receptor	Se creó el receptor "Albergue Esperanza" con ID 2.
24	2025-07-29 21:35:22.245436-07	sistema	Creación de receptor	Se creó el receptor "Comedor Solidaridad" con ID 3.
25	2025-07-29 21:38:51.215441-07	sistema	Creación de receptor	Se creó el receptor "Casa Hogar Niños Felices" con ID 4.
\.


--
-- Data for Name: usuarios_receptor; Type: TABLE DATA; Schema: public; Owner: postgres
--

COPY public.usuarios_receptor (id, nombre_lugar, encargado, telefono, direccion, capacidad, horario_apertura, horario_cierre, usuario_id) FROM stdin;
1	Refugio San José	Juan Morales	6641234567	Calle Segunda 123, Zona Centro	50	18:00:00	08:00:00	8
2	Albergue Esperanza	Dra. Laura Méndez	6642345678	Av. Niños Héroes 456	80	00:00:00	23:59:00	9
3	Comedor Solidaridad	Lic. Carlos Ramírez	6643456789	Calle Loma Alta 789	100	07:00:00	20:00:00	10
4	Casa Hogar Niños Felices	Hna. María Fernández	6644567890	Boulevard Florido 2345	40	07:30:00	21:30:00	11
\.


--
-- Data for Name: usuarios_rol; Type: TABLE DATA; Schema: public; Owner: postgres
--

COPY public.usuarios_rol (id, nombre) FROM stdin;
1	Donador
2	Receptor
3	Voluntario
4	Administrador
\.


--
-- Data for Name: usuarios_usuario; Type: TABLE DATA; Schema: public; Owner: postgres
--

COPY public.usuarios_usuario (id, password, last_login, is_superuser, nombre, correo, fecha_registro, activo, is_staff, is_active, rol_id) FROM stdin;
1	pbkdf2_sha256$1000000$vXMltQDBWfsdnuy322DEuv$rgPy7ILTmr3UliBwRmUFf2bGJzSZ5G1Hiso1H8zT2vU=	2025-07-29 20:01:39-07	t	Ness	0322103677@ut-tijuana.edu.mx	2025-07-29 19:56:19-07	t	t	t	4
2	pbkdf2_sha256$1000000$GLo6indYI7lqvO5dCuJX6P$UIZ2ir0GTwIYyYrfYhNCr6NtM0e8ZHOX+QHLKr/Hzd8=	\N	f	Roberto Martínez	roberto.martinez@lacasa.com	2025-07-29 21:07:48-07	t	f	t	1
3	pbkdf2_sha256$1000000$qiE4CYFvrMLRP3j7ynAnEZ$adeDFaQ428nut4b67w5H/p/t3cu/vbpZGMbf2MiufZc=	\N	f	Giovanni Bianchi	info@trattoriaitalia.com	2025-07-29 21:09:31-07	t	f	t	1
4	pbkdf2_sha256$1000000$ZWCwzyli9P70Fx4yFLcHGD$wpOBDUbg362R7MVbB1m1QFGrp73vJxmGIZDURqIRGa0=	\N	f	María Fernández	contacto@cafeliterario.com	2025-07-29 21:11:11-07	t	f	t	1
5	pbkdf2_sha256$1000000$e84J2WU2xfEINnCfa3VB3L$jEuWbw5a8wd/2ekb5FEZoqTKDn48yew3dgzevDHtAoE=	\N	f	Carlos Sánchez	ventas@panaderiaeltigal.com	2025-07-29 21:22:48.512979-07	t	f	t	1
6	pbkdf2_sha256$1000000$4KcnU1JmBlNJRlDPID05uR$pZlGPYLlbEJdQ4nrDvbxXybJXQAutUZ1TbvrLS8zJsQ=	\N	f	Ana García	hola@verdevida.com	2025-07-29 21:24:05.439632-07	t	f	t	1
7	pbkdf2_sha256$1000000$jQ63MIYg9CSl2RRJ4cxxwp$bB8H5J5n9L+oIe5MkxzM7Goe1jdDjtQ11aPWuLwskpY=	\N	f	Luis Ramírez	reservaciones@mariscoseldelfin.com	2025-07-29 21:25:15.588706-07	t	f	t	1
8	pbkdf2_sha256$1000000$mRWVFKdMdj2Ewm7my8DkIz$KHjtv1kJoNRkX9GSNM/RSJuvyvu8tO6aS43RemA+M0w=	\N	f	Juan Morales	contacto@refugiosanjose.com	2025-07-29 21:31:59.400252-07	t	f	t	2
9	pbkdf2_sha256$1000000$vX1kPubdWKQRN13PMgQ7Ls$Y22yJ2FUVZ0fYNw6zCTUEaPpElErrya7IAl9mLC7CEk=	\N	f	Dra. Laura Méndez	info@albergueesperanza.org	2025-07-29 21:34:13.827244-07	t	f	t	2
10	pbkdf2_sha256$1000000$mxTWjPaDoDhppy3YFpa2Ot$juNPBWtBVqhxFucFFz31KOoOGe/hXaCNoUve8Kqo3SE=	\N	f	Lic. Carlos Ramírez	comedor@solidaridad.org	2025-07-29 21:35:21.466142-07	t	f	t	2
11	pbkdf2_sha256$1000000$oY1OSVHaRVYXKfI4LVj3hG$PcsDYGn46B/83g2kClrrOHcBt2Mo40ZPQb1M+X7Agyo=	\N	f	Hna. María Fernández	director@casahogarninos.org	2025-07-29 21:38:50.314514-07	t	f	t	2
\.


--
-- Data for Name: usuarios_usuario_groups; Type: TABLE DATA; Schema: public; Owner: postgres
--

COPY public.usuarios_usuario_groups (id, usuario_id, group_id) FROM stdin;
\.


--
-- Data for Name: usuarios_usuario_user_permissions; Type: TABLE DATA; Schema: public; Owner: postgres
--

COPY public.usuarios_usuario_user_permissions (id, usuario_id, permission_id) FROM stdin;
\.


--
-- Data for Name: usuarios_voluntario; Type: TABLE DATA; Schema: public; Owner: postgres
--

COPY public.usuarios_voluntario (id, telefono, usuario_id, zona_id) FROM stdin;
\.


--
-- Data for Name: zonas_ubicacion; Type: TABLE DATA; Schema: public; Owner: postgres
--

COPY public.zonas_ubicacion (id, direccion, latitud, longitud, zona_id) FROM stdin;
1	Av. Lago Victoria 123, El Lago, Tijuana, BC	32.4915	-116.9113	1
2	Calle Loma Dorada 45, Loma Dorada, Tijuana, BC	32.4772	-116.8669	2
3	Av. de los Niños Héroes 210, La Mesa, Tijuana, BC	32.5057	-116.9254	3
4	Calle Venados 89, Los Venados, Tijuana, BC	32.5146	-116.9201	4
5	Privada Terrazas 56, Terrazas de La Presa, Tijuana, BC	32.4861	-116.8705	5
6	Calle Colinas 134, Colinas de la Presa, Tijuana, BC	32.4869	-116.8658	6
7	Av. Alameda 200, Residencial Alameda, Tijuana, BC	32.4978	-116.8892	7
8	Blvd. Insurgentes 12500, Insurgentes, Tijuana, BC	32.4879	-116.8821	8
9	Blvd. Río Tijuana 3ra Etapa 450, Tijuana, BC	32.5131	-116.9226	9
10	Av. Mariano Matamoros 321, Mariano Matamoros (Centro), Tijuana, BC	32.5038	-116.8582	10
11	Av. El Florido 2da Sección 560, Tijuana, BC	32.4752	-116.8365	11
12	Calle El Refugio 89, El Refugio, Tijuana, BC	32.4541	-116.8223	12
13	Calle Laurel 25, El Laurel I, Tijuana, BC	32.4559	-116.8201	13
14	Calle La Jolla 301, La Jolla, Tijuana, BC	32.4904	-117.0247	14
\.


--
-- Data for Name: zonas_zona; Type: TABLE DATA; Schema: public; Owner: postgres
--

COPY public.zonas_zona (id, nombre, codigo_postal, ciudad, estado) FROM stdin;
1	El Lago	22210	Tijuana	Baja California
2	Loma Dorada	22214	Tijuana	Baja California
3	Niños Héroes (La Mesa)	22120	Tijuana	Baja California
4	Los Venados	22123	Tijuana	Baja California
5	Terrazas de La Presa	22124	Tijuana	Baja California
6	Colinas de la Presa	22125	Tijuana	Baja California
7	Residencial Alameda	22126	Tijuana	Baja California
8	Insurgentes	22225	Tijuana	Baja California
9	Río Tijuana 3ra. Etapa	22226	Tijuana	Baja California
10	Mariano Matamoros (Centro)	22234	Tijuana	Baja California
11	El Florido 2da. Sección	22237	Tijuana	Baja California
12	El Refugio	22253	Tijuana	Baja California
13	El Laurel I	22253	Tijuana	Baja California
14	La Jolla	22525	Tijuana	Baja California
\.


--
-- Name: auth_group_id_seq; Type: SEQUENCE SET; Schema: public; Owner: postgres
--

SELECT pg_catalog.setval('public.auth_group_id_seq', 1, false);


--
-- Name: auth_group_permissions_id_seq; Type: SEQUENCE SET; Schema: public; Owner: postgres
--

SELECT pg_catalog.setval('public.auth_group_permissions_id_seq', 1, false);


--
-- Name: auth_permission_id_seq; Type: SEQUENCE SET; Schema: public; Owner: postgres
--

SELECT pg_catalog.setval('public.auth_permission_id_seq', 1, false);


--
-- Name: comentarios_comentario_id_seq; Type: SEQUENCE SET; Schema: public; Owner: postgres
--

SELECT pg_catalog.setval('public.comentarios_comentario_id_seq', 1, false);


--
-- Name: django_admin_log_id_seq; Type: SEQUENCE SET; Schema: public; Owner: postgres
--

SELECT pg_catalog.setval('public.django_admin_log_id_seq', 19, true);


--
-- Name: django_content_type_id_seq; Type: SEQUENCE SET; Schema: public; Owner: postgres
--

SELECT pg_catalog.setval('public.django_content_type_id_seq', 4, true);


--
-- Name: django_migrations_id_seq; Type: SEQUENCE SET; Schema: public; Owner: postgres
--

SELECT pg_catalog.setval('public.django_migrations_id_seq', 36, true);


--
-- Name: donaciones_archivoadjunto_id_seq; Type: SEQUENCE SET; Schema: public; Owner: postgres
--

SELECT pg_catalog.setval('public.donaciones_archivoadjunto_id_seq', 1, false);


--
-- Name: donaciones_categoriacomida_id_seq; Type: SEQUENCE SET; Schema: public; Owner: postgres
--

SELECT pg_catalog.setval('public.donaciones_categoriacomida_id_seq', 1, false);


--
-- Name: donaciones_comida_id_seq; Type: SEQUENCE SET; Schema: public; Owner: postgres
--

SELECT pg_catalog.setval('public.donaciones_comida_id_seq', 1, false);


--
-- Name: donaciones_estadodonacion_id_seq; Type: SEQUENCE SET; Schema: public; Owner: postgres
--

SELECT pg_catalog.setval('public.donaciones_estadodonacion_id_seq', 1, false);


--
-- Name: donaciones_publicacion_id_seq; Type: SEQUENCE SET; Schema: public; Owner: postgres
--

SELECT pg_catalog.setval('public.donaciones_publicacion_id_seq', 1, false);


--
-- Name: donaciones_sucursal_id_seq; Type: SEQUENCE SET; Schema: public; Owner: postgres
--

SELECT pg_catalog.setval('public.donaciones_sucursal_id_seq', 1, false);


--
-- Name: notificaciones_notificacion_id_seq; Type: SEQUENCE SET; Schema: public; Owner: postgres
--

SELECT pg_catalog.setval('public.notificaciones_notificacion_id_seq', 26, true);


--
-- Name: solicitudes_historialdonacion_id_seq; Type: SEQUENCE SET; Schema: public; Owner: postgres
--

SELECT pg_catalog.setval('public.solicitudes_historialdonacion_id_seq', 1, false);


--
-- Name: solicitudes_solicitud_id_seq; Type: SEQUENCE SET; Schema: public; Owner: postgres
--

SELECT pg_catalog.setval('public.solicitudes_solicitud_id_seq', 1, false);


--
-- Name: token_blacklist_blacklistedtoken_id_seq; Type: SEQUENCE SET; Schema: public; Owner: postgres
--

SELECT pg_catalog.setval('public.token_blacklist_blacklistedtoken_id_seq', 1, false);


--
-- Name: token_blacklist_outstandingtoken_id_seq; Type: SEQUENCE SET; Schema: public; Owner: postgres
--

SELECT pg_catalog.setval('public.token_blacklist_outstandingtoken_id_seq', 1, false);


--
-- Name: usuarios_administrador_id_seq; Type: SEQUENCE SET; Schema: public; Owner: postgres
--

SELECT pg_catalog.setval('public.usuarios_administrador_id_seq', 1, false);


--
-- Name: usuarios_donador_id_seq; Type: SEQUENCE SET; Schema: public; Owner: postgres
--

SELECT pg_catalog.setval('public.usuarios_donador_id_seq', 6, true);


--
-- Name: usuarios_logsistema_id_seq; Type: SEQUENCE SET; Schema: public; Owner: postgres
--

SELECT pg_catalog.setval('public.usuarios_logsistema_id_seq', 25, true);


--
-- Name: usuarios_receptor_id_seq; Type: SEQUENCE SET; Schema: public; Owner: postgres
--

SELECT pg_catalog.setval('public.usuarios_receptor_id_seq', 4, true);


--
-- Name: usuarios_rol_id_seq; Type: SEQUENCE SET; Schema: public; Owner: postgres
--

SELECT pg_catalog.setval('public.usuarios_rol_id_seq', 4, true);


--
-- Name: usuarios_usuario_groups_id_seq; Type: SEQUENCE SET; Schema: public; Owner: postgres
--

SELECT pg_catalog.setval('public.usuarios_usuario_groups_id_seq', 1, false);


--
-- Name: usuarios_usuario_id_seq; Type: SEQUENCE SET; Schema: public; Owner: postgres
--

SELECT pg_catalog.setval('public.usuarios_usuario_id_seq', 11, true);


--
-- Name: usuarios_usuario_user_permissions_id_seq; Type: SEQUENCE SET; Schema: public; Owner: postgres
--

SELECT pg_catalog.setval('public.usuarios_usuario_user_permissions_id_seq', 1, false);


--
-- Name: usuarios_voluntario_id_seq; Type: SEQUENCE SET; Schema: public; Owner: postgres
--

SELECT pg_catalog.setval('public.usuarios_voluntario_id_seq', 1, false);


--
-- Name: zonas_ubicacion_id_seq; Type: SEQUENCE SET; Schema: public; Owner: postgres
--

SELECT pg_catalog.setval('public.zonas_ubicacion_id_seq', 1, false);


--
-- Name: zonas_zona_id_seq; Type: SEQUENCE SET; Schema: public; Owner: postgres
--

SELECT pg_catalog.setval('public.zonas_zona_id_seq', 14, true);


--
-- Name: auth_group auth_group_name_key; Type: CONSTRAINT; Schema: public; Owner: postgres
--

ALTER TABLE ONLY public.auth_group
    ADD CONSTRAINT auth_group_name_key UNIQUE (name);


--
-- Name: auth_group_permissions auth_group_permissions_group_id_permission_id_0cd325b0_uniq; Type: CONSTRAINT; Schema: public; Owner: postgres
--

ALTER TABLE ONLY public.auth_group_permissions
    ADD CONSTRAINT auth_group_permissions_group_id_permission_id_0cd325b0_uniq UNIQUE (group_id, permission_id);


--
-- Name: auth_group_permissions auth_group_permissions_pkey; Type: CONSTRAINT; Schema: public; Owner: postgres
--

ALTER TABLE ONLY public.auth_group_permissions
    ADD CONSTRAINT auth_group_permissions_pkey PRIMARY KEY (id);


--
-- Name: auth_group auth_group_pkey; Type: CONSTRAINT; Schema: public; Owner: postgres
--

ALTER TABLE ONLY public.auth_group
    ADD CONSTRAINT auth_group_pkey PRIMARY KEY (id);


--
-- Name: auth_permission auth_permission_content_type_id_codename_01ab375a_uniq; Type: CONSTRAINT; Schema: public; Owner: postgres
--

ALTER TABLE ONLY public.auth_permission
    ADD CONSTRAINT auth_permission_content_type_id_codename_01ab375a_uniq UNIQUE (content_type_id, codename);


--
-- Name: auth_permission auth_permission_pkey; Type: CONSTRAINT; Schema: public; Owner: postgres
--

ALTER TABLE ONLY public.auth_permission
    ADD CONSTRAINT auth_permission_pkey PRIMARY KEY (id);


--
-- Name: comentarios_comentario comentarios_comentario_pkey; Type: CONSTRAINT; Schema: public; Owner: postgres
--

ALTER TABLE ONLY public.comentarios_comentario
    ADD CONSTRAINT comentarios_comentario_pkey PRIMARY KEY (id);


--
-- Name: django_admin_log django_admin_log_pkey; Type: CONSTRAINT; Schema: public; Owner: postgres
--

ALTER TABLE ONLY public.django_admin_log
    ADD CONSTRAINT django_admin_log_pkey PRIMARY KEY (id);


--
-- Name: django_content_type django_content_type_app_label_model_76bd3d3b_uniq; Type: CONSTRAINT; Schema: public; Owner: postgres
--

ALTER TABLE ONLY public.django_content_type
    ADD CONSTRAINT django_content_type_app_label_model_76bd3d3b_uniq UNIQUE (app_label, model);


--
-- Name: django_content_type django_content_type_pkey; Type: CONSTRAINT; Schema: public; Owner: postgres
--

ALTER TABLE ONLY public.django_content_type
    ADD CONSTRAINT django_content_type_pkey PRIMARY KEY (id);


--
-- Name: django_migrations django_migrations_pkey; Type: CONSTRAINT; Schema: public; Owner: postgres
--

ALTER TABLE ONLY public.django_migrations
    ADD CONSTRAINT django_migrations_pkey PRIMARY KEY (id);


--
-- Name: django_session django_session_pkey; Type: CONSTRAINT; Schema: public; Owner: postgres
--

ALTER TABLE ONLY public.django_session
    ADD CONSTRAINT django_session_pkey PRIMARY KEY (session_key);


--
-- Name: donaciones_archivoadjunto donaciones_archivoadjunto_pkey; Type: CONSTRAINT; Schema: public; Owner: postgres
--

ALTER TABLE ONLY public.donaciones_archivoadjunto
    ADD CONSTRAINT donaciones_archivoadjunto_pkey PRIMARY KEY (id);


--
-- Name: donaciones_categoriacomida donaciones_categoriacomida_pkey; Type: CONSTRAINT; Schema: public; Owner: postgres
--

ALTER TABLE ONLY public.donaciones_categoriacomida
    ADD CONSTRAINT donaciones_categoriacomida_pkey PRIMARY KEY (id);


--
-- Name: donaciones_comida donaciones_comida_pkey; Type: CONSTRAINT; Schema: public; Owner: postgres
--

ALTER TABLE ONLY public.donaciones_comida
    ADD CONSTRAINT donaciones_comida_pkey PRIMARY KEY (id);


--
-- Name: donaciones_estadodonacion donaciones_estadodonacion_pkey; Type: CONSTRAINT; Schema: public; Owner: postgres
--

ALTER TABLE ONLY public.donaciones_estadodonacion
    ADD CONSTRAINT donaciones_estadodonacion_pkey PRIMARY KEY (id);


--
-- Name: donaciones_publicacion donaciones_publicacion_pkey; Type: CONSTRAINT; Schema: public; Owner: postgres
--

ALTER TABLE ONLY public.donaciones_publicacion
    ADD CONSTRAINT donaciones_publicacion_pkey PRIMARY KEY (id);


--
-- Name: donaciones_sucursal donaciones_sucursal_pkey; Type: CONSTRAINT; Schema: public; Owner: postgres
--

ALTER TABLE ONLY public.donaciones_sucursal
    ADD CONSTRAINT donaciones_sucursal_pkey PRIMARY KEY (id);


--
-- Name: notificaciones_notificacion notificaciones_notificacion_pkey; Type: CONSTRAINT; Schema: public; Owner: postgres
--

ALTER TABLE ONLY public.notificaciones_notificacion
    ADD CONSTRAINT notificaciones_notificacion_pkey PRIMARY KEY (id);


--
-- Name: solicitudes_historialdonacion solicitudes_historialdonacion_pkey; Type: CONSTRAINT; Schema: public; Owner: postgres
--

ALTER TABLE ONLY public.solicitudes_historialdonacion
    ADD CONSTRAINT solicitudes_historialdonacion_pkey PRIMARY KEY (id);


--
-- Name: solicitudes_solicitud solicitudes_solicitud_pkey; Type: CONSTRAINT; Schema: public; Owner: postgres
--

ALTER TABLE ONLY public.solicitudes_solicitud
    ADD CONSTRAINT solicitudes_solicitud_pkey PRIMARY KEY (id);


--
-- Name: token_blacklist_blacklistedtoken token_blacklist_blacklistedtoken_pkey; Type: CONSTRAINT; Schema: public; Owner: postgres
--

ALTER TABLE ONLY public.token_blacklist_blacklistedtoken
    ADD CONSTRAINT token_blacklist_blacklistedtoken_pkey PRIMARY KEY (id);


--
-- Name: token_blacklist_blacklistedtoken token_blacklist_blacklistedtoken_token_id_key; Type: CONSTRAINT; Schema: public; Owner: postgres
--

ALTER TABLE ONLY public.token_blacklist_blacklistedtoken
    ADD CONSTRAINT token_blacklist_blacklistedtoken_token_id_key UNIQUE (token_id);


--
-- Name: token_blacklist_outstandingtoken token_blacklist_outstandingtoken_jti_hex_d9bdf6f7_uniq; Type: CONSTRAINT; Schema: public; Owner: postgres
--

ALTER TABLE ONLY public.token_blacklist_outstandingtoken
    ADD CONSTRAINT token_blacklist_outstandingtoken_jti_hex_d9bdf6f7_uniq UNIQUE (jti);


--
-- Name: token_blacklist_outstandingtoken token_blacklist_outstandingtoken_pkey; Type: CONSTRAINT; Schema: public; Owner: postgres
--

ALTER TABLE ONLY public.token_blacklist_outstandingtoken
    ADD CONSTRAINT token_blacklist_outstandingtoken_pkey PRIMARY KEY (id);


--
-- Name: usuarios_administrador usuarios_administrador_correo_key; Type: CONSTRAINT; Schema: public; Owner: postgres
--

ALTER TABLE ONLY public.usuarios_administrador
    ADD CONSTRAINT usuarios_administrador_correo_key UNIQUE (correo);


--
-- Name: usuarios_administrador usuarios_administrador_pkey; Type: CONSTRAINT; Schema: public; Owner: postgres
--

ALTER TABLE ONLY public.usuarios_administrador
    ADD CONSTRAINT usuarios_administrador_pkey PRIMARY KEY (id);


--
-- Name: usuarios_donador usuarios_donador_pkey; Type: CONSTRAINT; Schema: public; Owner: postgres
--

ALTER TABLE ONLY public.usuarios_donador
    ADD CONSTRAINT usuarios_donador_pkey PRIMARY KEY (id);


--
-- Name: usuarios_donador usuarios_donador_usuario_id_key; Type: CONSTRAINT; Schema: public; Owner: postgres
--

ALTER TABLE ONLY public.usuarios_donador
    ADD CONSTRAINT usuarios_donador_usuario_id_key UNIQUE (usuario_id);


--
-- Name: usuarios_logsistema usuarios_logsistema_pkey; Type: CONSTRAINT; Schema: public; Owner: postgres
--

ALTER TABLE ONLY public.usuarios_logsistema
    ADD CONSTRAINT usuarios_logsistema_pkey PRIMARY KEY (id);


--
-- Name: usuarios_receptor usuarios_receptor_pkey; Type: CONSTRAINT; Schema: public; Owner: postgres
--

ALTER TABLE ONLY public.usuarios_receptor
    ADD CONSTRAINT usuarios_receptor_pkey PRIMARY KEY (id);


--
-- Name: usuarios_receptor usuarios_receptor_usuario_id_key; Type: CONSTRAINT; Schema: public; Owner: postgres
--

ALTER TABLE ONLY public.usuarios_receptor
    ADD CONSTRAINT usuarios_receptor_usuario_id_key UNIQUE (usuario_id);


--
-- Name: usuarios_rol usuarios_rol_pkey; Type: CONSTRAINT; Schema: public; Owner: postgres
--

ALTER TABLE ONLY public.usuarios_rol
    ADD CONSTRAINT usuarios_rol_pkey PRIMARY KEY (id);


--
-- Name: usuarios_usuario usuarios_usuario_correo_key; Type: CONSTRAINT; Schema: public; Owner: postgres
--

ALTER TABLE ONLY public.usuarios_usuario
    ADD CONSTRAINT usuarios_usuario_correo_key UNIQUE (correo);


--
-- Name: usuarios_usuario_groups usuarios_usuario_groups_pkey; Type: CONSTRAINT; Schema: public; Owner: postgres
--

ALTER TABLE ONLY public.usuarios_usuario_groups
    ADD CONSTRAINT usuarios_usuario_groups_pkey PRIMARY KEY (id);


--
-- Name: usuarios_usuario_groups usuarios_usuario_groups_usuario_id_group_id_4ed5b09e_uniq; Type: CONSTRAINT; Schema: public; Owner: postgres
--

ALTER TABLE ONLY public.usuarios_usuario_groups
    ADD CONSTRAINT usuarios_usuario_groups_usuario_id_group_id_4ed5b09e_uniq UNIQUE (usuario_id, group_id);


--
-- Name: usuarios_usuario usuarios_usuario_pkey; Type: CONSTRAINT; Schema: public; Owner: postgres
--

ALTER TABLE ONLY public.usuarios_usuario
    ADD CONSTRAINT usuarios_usuario_pkey PRIMARY KEY (id);


--
-- Name: usuarios_usuario_user_permissions usuarios_usuario_user_pe_usuario_id_permission_id_217cadcd_uniq; Type: CONSTRAINT; Schema: public; Owner: postgres
--

ALTER TABLE ONLY public.usuarios_usuario_user_permissions
    ADD CONSTRAINT usuarios_usuario_user_pe_usuario_id_permission_id_217cadcd_uniq UNIQUE (usuario_id, permission_id);


--
-- Name: usuarios_usuario_user_permissions usuarios_usuario_user_permissions_pkey; Type: CONSTRAINT; Schema: public; Owner: postgres
--

ALTER TABLE ONLY public.usuarios_usuario_user_permissions
    ADD CONSTRAINT usuarios_usuario_user_permissions_pkey PRIMARY KEY (id);


--
-- Name: usuarios_voluntario usuarios_voluntario_pkey; Type: CONSTRAINT; Schema: public; Owner: postgres
--

ALTER TABLE ONLY public.usuarios_voluntario
    ADD CONSTRAINT usuarios_voluntario_pkey PRIMARY KEY (id);


--
-- Name: usuarios_voluntario usuarios_voluntario_usuario_id_key; Type: CONSTRAINT; Schema: public; Owner: postgres
--

ALTER TABLE ONLY public.usuarios_voluntario
    ADD CONSTRAINT usuarios_voluntario_usuario_id_key UNIQUE (usuario_id);


--
-- Name: zonas_ubicacion zonas_ubicacion_pkey; Type: CONSTRAINT; Schema: public; Owner: postgres
--

ALTER TABLE ONLY public.zonas_ubicacion
    ADD CONSTRAINT zonas_ubicacion_pkey PRIMARY KEY (id);


--
-- Name: zonas_zona zonas_zona_pkey; Type: CONSTRAINT; Schema: public; Owner: postgres
--

ALTER TABLE ONLY public.zonas_zona
    ADD CONSTRAINT zonas_zona_pkey PRIMARY KEY (id);


--
-- Name: auth_group_name_a6ea08ec_like; Type: INDEX; Schema: public; Owner: postgres
--

CREATE INDEX auth_group_name_a6ea08ec_like ON public.auth_group USING btree (name varchar_pattern_ops);


--
-- Name: auth_group_permissions_group_id_b120cbf9; Type: INDEX; Schema: public; Owner: postgres
--

CREATE INDEX auth_group_permissions_group_id_b120cbf9 ON public.auth_group_permissions USING btree (group_id);


--
-- Name: auth_group_permissions_permission_id_84c5c92e; Type: INDEX; Schema: public; Owner: postgres
--

CREATE INDEX auth_group_permissions_permission_id_84c5c92e ON public.auth_group_permissions USING btree (permission_id);


--
-- Name: auth_permission_content_type_id_2f476e4b; Type: INDEX; Schema: public; Owner: postgres
--

CREATE INDEX auth_permission_content_type_id_2f476e4b ON public.auth_permission USING btree (content_type_id);


--
-- Name: comentarios_comentario_publicacion_id_1a874b56; Type: INDEX; Schema: public; Owner: postgres
--

CREATE INDEX comentarios_comentario_publicacion_id_1a874b56 ON public.comentarios_comentario USING btree (publicacion_id);


--
-- Name: comentarios_comentario_usuario_id_e00b4084; Type: INDEX; Schema: public; Owner: postgres
--

CREATE INDEX comentarios_comentario_usuario_id_e00b4084 ON public.comentarios_comentario USING btree (usuario_id);


--
-- Name: django_admin_log_content_type_id_c4bce8eb; Type: INDEX; Schema: public; Owner: postgres
--

CREATE INDEX django_admin_log_content_type_id_c4bce8eb ON public.django_admin_log USING btree (content_type_id);


--
-- Name: django_admin_log_user_id_c564eba6; Type: INDEX; Schema: public; Owner: postgres
--

CREATE INDEX django_admin_log_user_id_c564eba6 ON public.django_admin_log USING btree (user_id);


--
-- Name: django_session_expire_date_a5c62663; Type: INDEX; Schema: public; Owner: postgres
--

CREATE INDEX django_session_expire_date_a5c62663 ON public.django_session USING btree (expire_date);


--
-- Name: django_session_session_key_c0390e0f_like; Type: INDEX; Schema: public; Owner: postgres
--

CREATE INDEX django_session_session_key_c0390e0f_like ON public.django_session USING btree (session_key varchar_pattern_ops);


--
-- Name: donaciones_archivoadjunto_publicacion_id_db2af298; Type: INDEX; Schema: public; Owner: postgres
--

CREATE INDEX donaciones_archivoadjunto_publicacion_id_db2af298 ON public.donaciones_archivoadjunto USING btree (publicacion_id);


--
-- Name: donaciones_comida_categoria_id_15da3612; Type: INDEX; Schema: public; Owner: postgres
--

CREATE INDEX donaciones_comida_categoria_id_15da3612 ON public.donaciones_comida USING btree (categoria_id);


--
-- Name: donaciones_comida_publicacion_id_a8190b7a; Type: INDEX; Schema: public; Owner: postgres
--

CREATE INDEX donaciones_comida_publicacion_id_a8190b7a ON public.donaciones_comida USING btree (publicacion_id);


--
-- Name: donaciones_publicacion_estado_id_2c6704ad; Type: INDEX; Schema: public; Owner: postgres
--

CREATE INDEX donaciones_publicacion_estado_id_2c6704ad ON public.donaciones_publicacion USING btree (estado_id);


--
-- Name: donaciones_publicacion_sucursal_id_9cf03b2e; Type: INDEX; Schema: public; Owner: postgres
--

CREATE INDEX donaciones_publicacion_sucursal_id_9cf03b2e ON public.donaciones_publicacion USING btree (sucursal_id);


--
-- Name: donaciones_publicacion_ubicacion_id_c7b4a020; Type: INDEX; Schema: public; Owner: postgres
--

CREATE INDEX donaciones_publicacion_ubicacion_id_c7b4a020 ON public.donaciones_publicacion USING btree (ubicacion_id);


--
-- Name: donaciones_publicacion_zona_id_0857c537; Type: INDEX; Schema: public; Owner: postgres
--

CREATE INDEX donaciones_publicacion_zona_id_0857c537 ON public.donaciones_publicacion USING btree (zona_id);


--
-- Name: donaciones_sucursal_donador_id_ec31cb48; Type: INDEX; Schema: public; Owner: postgres
--

CREATE INDEX donaciones_sucursal_donador_id_ec31cb48 ON public.donaciones_sucursal USING btree (donador_id);


--
-- Name: donaciones_sucursal_ubicacion_id_9e41c413; Type: INDEX; Schema: public; Owner: postgres
--

CREATE INDEX donaciones_sucursal_ubicacion_id_9e41c413 ON public.donaciones_sucursal USING btree (ubicacion_id);


--
-- Name: donaciones_sucursal_zona_id_5b66d23e; Type: INDEX; Schema: public; Owner: postgres
--

CREATE INDEX donaciones_sucursal_zona_id_5b66d23e ON public.donaciones_sucursal USING btree (zona_id);


--
-- Name: notificaciones_notificacion_usuario_id_4bc090a3; Type: INDEX; Schema: public; Owner: postgres
--

CREATE INDEX notificaciones_notificacion_usuario_id_4bc090a3 ON public.notificaciones_notificacion USING btree (usuario_id);


--
-- Name: solicitudes_historialdonacion_donador_id_eb999e67; Type: INDEX; Schema: public; Owner: postgres
--

CREATE INDEX solicitudes_historialdonacion_donador_id_eb999e67 ON public.solicitudes_historialdonacion USING btree (donador_id);


--
-- Name: solicitudes_historialdonacion_publicacion_id_4a86e336; Type: INDEX; Schema: public; Owner: postgres
--

CREATE INDEX solicitudes_historialdonacion_publicacion_id_4a86e336 ON public.solicitudes_historialdonacion USING btree (publicacion_id);


--
-- Name: solicitudes_historialdonacion_receptor_id_81f55b2a; Type: INDEX; Schema: public; Owner: postgres
--

CREATE INDEX solicitudes_historialdonacion_receptor_id_81f55b2a ON public.solicitudes_historialdonacion USING btree (receptor_id);


--
-- Name: solicitudes_solicitud_publicacion_id_5cbca0ce; Type: INDEX; Schema: public; Owner: postgres
--

CREATE INDEX solicitudes_solicitud_publicacion_id_5cbca0ce ON public.solicitudes_solicitud USING btree (publicacion_id);


--
-- Name: solicitudes_solicitud_receptor_id_d16ae9de; Type: INDEX; Schema: public; Owner: postgres
--

CREATE INDEX solicitudes_solicitud_receptor_id_d16ae9de ON public.solicitudes_solicitud USING btree (receptor_id);


--
-- Name: token_blacklist_outstandingtoken_jti_hex_d9bdf6f7_like; Type: INDEX; Schema: public; Owner: postgres
--

CREATE INDEX token_blacklist_outstandingtoken_jti_hex_d9bdf6f7_like ON public.token_blacklist_outstandingtoken USING btree (jti varchar_pattern_ops);


--
-- Name: token_blacklist_outstandingtoken_user_id_83bc629a; Type: INDEX; Schema: public; Owner: postgres
--

CREATE INDEX token_blacklist_outstandingtoken_user_id_83bc629a ON public.token_blacklist_outstandingtoken USING btree (user_id);


--
-- Name: usuarios_administrador_correo_4586a813_like; Type: INDEX; Schema: public; Owner: postgres
--

CREATE INDEX usuarios_administrador_correo_4586a813_like ON public.usuarios_administrador USING btree (correo varchar_pattern_ops);


--
-- Name: usuarios_usuario_correo_80ace29b_like; Type: INDEX; Schema: public; Owner: postgres
--

CREATE INDEX usuarios_usuario_correo_80ace29b_like ON public.usuarios_usuario USING btree (correo varchar_pattern_ops);


--
-- Name: usuarios_usuario_groups_group_id_e77f6dcf; Type: INDEX; Schema: public; Owner: postgres
--

CREATE INDEX usuarios_usuario_groups_group_id_e77f6dcf ON public.usuarios_usuario_groups USING btree (group_id);


--
-- Name: usuarios_usuario_groups_usuario_id_7a34077f; Type: INDEX; Schema: public; Owner: postgres
--

CREATE INDEX usuarios_usuario_groups_usuario_id_7a34077f ON public.usuarios_usuario_groups USING btree (usuario_id);


--
-- Name: usuarios_usuario_rol_id_b0d64932; Type: INDEX; Schema: public; Owner: postgres
--

CREATE INDEX usuarios_usuario_rol_id_b0d64932 ON public.usuarios_usuario USING btree (rol_id);


--
-- Name: usuarios_usuario_user_permissions_permission_id_4e5c0f2f; Type: INDEX; Schema: public; Owner: postgres
--

CREATE INDEX usuarios_usuario_user_permissions_permission_id_4e5c0f2f ON public.usuarios_usuario_user_permissions USING btree (permission_id);


--
-- Name: usuarios_usuario_user_permissions_usuario_id_60aeea80; Type: INDEX; Schema: public; Owner: postgres
--

CREATE INDEX usuarios_usuario_user_permissions_usuario_id_60aeea80 ON public.usuarios_usuario_user_permissions USING btree (usuario_id);


--
-- Name: usuarios_voluntario_zona_id_48b36375; Type: INDEX; Schema: public; Owner: postgres
--

CREATE INDEX usuarios_voluntario_zona_id_48b36375 ON public.usuarios_voluntario USING btree (zona_id);


--
-- Name: zonas_ubicacion_zona_id_00bc57c7; Type: INDEX; Schema: public; Owner: postgres
--

CREATE INDEX zonas_ubicacion_zona_id_00bc57c7 ON public.zonas_ubicacion USING btree (zona_id);


--
-- Name: auth_group_permissions auth_group_permissio_permission_id_84c5c92e_fk_auth_perm; Type: FK CONSTRAINT; Schema: public; Owner: postgres
--

ALTER TABLE ONLY public.auth_group_permissions
    ADD CONSTRAINT auth_group_permissio_permission_id_84c5c92e_fk_auth_perm FOREIGN KEY (permission_id) REFERENCES public.auth_permission(id) DEFERRABLE INITIALLY DEFERRED;


--
-- Name: auth_group_permissions auth_group_permissions_group_id_b120cbf9_fk_auth_group_id; Type: FK CONSTRAINT; Schema: public; Owner: postgres
--

ALTER TABLE ONLY public.auth_group_permissions
    ADD CONSTRAINT auth_group_permissions_group_id_b120cbf9_fk_auth_group_id FOREIGN KEY (group_id) REFERENCES public.auth_group(id) DEFERRABLE INITIALLY DEFERRED;


--
-- Name: auth_permission auth_permission_content_type_id_2f476e4b_fk_django_co; Type: FK CONSTRAINT; Schema: public; Owner: postgres
--

ALTER TABLE ONLY public.auth_permission
    ADD CONSTRAINT auth_permission_content_type_id_2f476e4b_fk_django_co FOREIGN KEY (content_type_id) REFERENCES public.django_content_type(id) DEFERRABLE INITIALLY DEFERRED;


--
-- Name: comentarios_comentario comentarios_comentar_publicacion_id_1a874b56_fk_donacione; Type: FK CONSTRAINT; Schema: public; Owner: postgres
--

ALTER TABLE ONLY public.comentarios_comentario
    ADD CONSTRAINT comentarios_comentar_publicacion_id_1a874b56_fk_donacione FOREIGN KEY (publicacion_id) REFERENCES public.donaciones_publicacion(id) DEFERRABLE INITIALLY DEFERRED;


--
-- Name: comentarios_comentario comentarios_comentar_usuario_id_e00b4084_fk_usuarios_; Type: FK CONSTRAINT; Schema: public; Owner: postgres
--

ALTER TABLE ONLY public.comentarios_comentario
    ADD CONSTRAINT comentarios_comentar_usuario_id_e00b4084_fk_usuarios_ FOREIGN KEY (usuario_id) REFERENCES public.usuarios_usuario(id) DEFERRABLE INITIALLY DEFERRED;


--
-- Name: django_admin_log django_admin_log_content_type_id_c4bce8eb_fk_django_co; Type: FK CONSTRAINT; Schema: public; Owner: postgres
--

ALTER TABLE ONLY public.django_admin_log
    ADD CONSTRAINT django_admin_log_content_type_id_c4bce8eb_fk_django_co FOREIGN KEY (content_type_id) REFERENCES public.django_content_type(id) DEFERRABLE INITIALLY DEFERRED;


--
-- Name: django_admin_log django_admin_log_user_id_c564eba6_fk_usuarios_usuario_id; Type: FK CONSTRAINT; Schema: public; Owner: postgres
--

ALTER TABLE ONLY public.django_admin_log
    ADD CONSTRAINT django_admin_log_user_id_c564eba6_fk_usuarios_usuario_id FOREIGN KEY (user_id) REFERENCES public.usuarios_usuario(id) DEFERRABLE INITIALLY DEFERRED;


--
-- Name: donaciones_archivoadjunto donaciones_archivoad_publicacion_id_db2af298_fk_donacione; Type: FK CONSTRAINT; Schema: public; Owner: postgres
--

ALTER TABLE ONLY public.donaciones_archivoadjunto
    ADD CONSTRAINT donaciones_archivoad_publicacion_id_db2af298_fk_donacione FOREIGN KEY (publicacion_id) REFERENCES public.donaciones_publicacion(id) DEFERRABLE INITIALLY DEFERRED;


--
-- Name: donaciones_comida donaciones_comida_categoria_id_15da3612_fk_donacione; Type: FK CONSTRAINT; Schema: public; Owner: postgres
--

ALTER TABLE ONLY public.donaciones_comida
    ADD CONSTRAINT donaciones_comida_categoria_id_15da3612_fk_donacione FOREIGN KEY (categoria_id) REFERENCES public.donaciones_categoriacomida(id) DEFERRABLE INITIALLY DEFERRED;


--
-- Name: donaciones_comida donaciones_comida_publicacion_id_a8190b7a_fk_donacione; Type: FK CONSTRAINT; Schema: public; Owner: postgres
--

ALTER TABLE ONLY public.donaciones_comida
    ADD CONSTRAINT donaciones_comida_publicacion_id_a8190b7a_fk_donacione FOREIGN KEY (publicacion_id) REFERENCES public.donaciones_publicacion(id) DEFERRABLE INITIALLY DEFERRED;


--
-- Name: donaciones_publicacion donaciones_publicaci_estado_id_2c6704ad_fk_donacione; Type: FK CONSTRAINT; Schema: public; Owner: postgres
--

ALTER TABLE ONLY public.donaciones_publicacion
    ADD CONSTRAINT donaciones_publicaci_estado_id_2c6704ad_fk_donacione FOREIGN KEY (estado_id) REFERENCES public.donaciones_estadodonacion(id) DEFERRABLE INITIALLY DEFERRED;


--
-- Name: donaciones_publicacion donaciones_publicaci_sucursal_id_9cf03b2e_fk_donacione; Type: FK CONSTRAINT; Schema: public; Owner: postgres
--

ALTER TABLE ONLY public.donaciones_publicacion
    ADD CONSTRAINT donaciones_publicaci_sucursal_id_9cf03b2e_fk_donacione FOREIGN KEY (sucursal_id) REFERENCES public.donaciones_sucursal(id) DEFERRABLE INITIALLY DEFERRED;


--
-- Name: donaciones_publicacion donaciones_publicaci_ubicacion_id_c7b4a020_fk_zonas_ubi; Type: FK CONSTRAINT; Schema: public; Owner: postgres
--

ALTER TABLE ONLY public.donaciones_publicacion
    ADD CONSTRAINT donaciones_publicaci_ubicacion_id_c7b4a020_fk_zonas_ubi FOREIGN KEY (ubicacion_id) REFERENCES public.zonas_ubicacion(id) DEFERRABLE INITIALLY DEFERRED;


--
-- Name: donaciones_publicacion donaciones_publicacion_zona_id_0857c537_fk_zonas_zona_id; Type: FK CONSTRAINT; Schema: public; Owner: postgres
--

ALTER TABLE ONLY public.donaciones_publicacion
    ADD CONSTRAINT donaciones_publicacion_zona_id_0857c537_fk_zonas_zona_id FOREIGN KEY (zona_id) REFERENCES public.zonas_zona(id) DEFERRABLE INITIALLY DEFERRED;


--
-- Name: donaciones_sucursal donaciones_sucursal_donador_id_ec31cb48_fk_usuarios_donador_id; Type: FK CONSTRAINT; Schema: public; Owner: postgres
--

ALTER TABLE ONLY public.donaciones_sucursal
    ADD CONSTRAINT donaciones_sucursal_donador_id_ec31cb48_fk_usuarios_donador_id FOREIGN KEY (donador_id) REFERENCES public.usuarios_donador(id) DEFERRABLE INITIALLY DEFERRED;


--
-- Name: donaciones_sucursal donaciones_sucursal_ubicacion_id_9e41c413_fk_zonas_ubicacion_id; Type: FK CONSTRAINT; Schema: public; Owner: postgres
--

ALTER TABLE ONLY public.donaciones_sucursal
    ADD CONSTRAINT donaciones_sucursal_ubicacion_id_9e41c413_fk_zonas_ubicacion_id FOREIGN KEY (ubicacion_id) REFERENCES public.zonas_ubicacion(id) DEFERRABLE INITIALLY DEFERRED;


--
-- Name: donaciones_sucursal donaciones_sucursal_zona_id_5b66d23e_fk_zonas_zona_id; Type: FK CONSTRAINT; Schema: public; Owner: postgres
--

ALTER TABLE ONLY public.donaciones_sucursal
    ADD CONSTRAINT donaciones_sucursal_zona_id_5b66d23e_fk_zonas_zona_id FOREIGN KEY (zona_id) REFERENCES public.zonas_zona(id) DEFERRABLE INITIALLY DEFERRED;


--
-- Name: notificaciones_notificacion notificaciones_notif_usuario_id_4bc090a3_fk_usuarios_; Type: FK CONSTRAINT; Schema: public; Owner: postgres
--

ALTER TABLE ONLY public.notificaciones_notificacion
    ADD CONSTRAINT notificaciones_notif_usuario_id_4bc090a3_fk_usuarios_ FOREIGN KEY (usuario_id) REFERENCES public.usuarios_usuario(id) DEFERRABLE INITIALLY DEFERRED;


--
-- Name: solicitudes_historialdonacion solicitudes_historia_donador_id_eb999e67_fk_usuarios_; Type: FK CONSTRAINT; Schema: public; Owner: postgres
--

ALTER TABLE ONLY public.solicitudes_historialdonacion
    ADD CONSTRAINT solicitudes_historia_donador_id_eb999e67_fk_usuarios_ FOREIGN KEY (donador_id) REFERENCES public.usuarios_donador(id) DEFERRABLE INITIALLY DEFERRED;


--
-- Name: solicitudes_historialdonacion solicitudes_historia_publicacion_id_4a86e336_fk_donacione; Type: FK CONSTRAINT; Schema: public; Owner: postgres
--

ALTER TABLE ONLY public.solicitudes_historialdonacion
    ADD CONSTRAINT solicitudes_historia_publicacion_id_4a86e336_fk_donacione FOREIGN KEY (publicacion_id) REFERENCES public.donaciones_publicacion(id) DEFERRABLE INITIALLY DEFERRED;


--
-- Name: solicitudes_historialdonacion solicitudes_historia_receptor_id_81f55b2a_fk_usuarios_; Type: FK CONSTRAINT; Schema: public; Owner: postgres
--

ALTER TABLE ONLY public.solicitudes_historialdonacion
    ADD CONSTRAINT solicitudes_historia_receptor_id_81f55b2a_fk_usuarios_ FOREIGN KEY (receptor_id) REFERENCES public.usuarios_receptor(id) DEFERRABLE INITIALLY DEFERRED;


--
-- Name: solicitudes_solicitud solicitudes_solicitu_publicacion_id_5cbca0ce_fk_donacione; Type: FK CONSTRAINT; Schema: public; Owner: postgres
--

ALTER TABLE ONLY public.solicitudes_solicitud
    ADD CONSTRAINT solicitudes_solicitu_publicacion_id_5cbca0ce_fk_donacione FOREIGN KEY (publicacion_id) REFERENCES public.donaciones_publicacion(id) DEFERRABLE INITIALLY DEFERRED;


--
-- Name: solicitudes_solicitud solicitudes_solicitu_receptor_id_d16ae9de_fk_usuarios_; Type: FK CONSTRAINT; Schema: public; Owner: postgres
--

ALTER TABLE ONLY public.solicitudes_solicitud
    ADD CONSTRAINT solicitudes_solicitu_receptor_id_d16ae9de_fk_usuarios_ FOREIGN KEY (receptor_id) REFERENCES public.usuarios_receptor(id) DEFERRABLE INITIALLY DEFERRED;


--
-- Name: token_blacklist_blacklistedtoken token_blacklist_blacklistedtoken_token_id_3cc7fe56_fk; Type: FK CONSTRAINT; Schema: public; Owner: postgres
--

ALTER TABLE ONLY public.token_blacklist_blacklistedtoken
    ADD CONSTRAINT token_blacklist_blacklistedtoken_token_id_3cc7fe56_fk FOREIGN KEY (token_id) REFERENCES public.token_blacklist_outstandingtoken(id) DEFERRABLE INITIALLY DEFERRED;


--
-- Name: token_blacklist_outstandingtoken token_blacklist_outs_user_id_83bc629a_fk_usuarios_; Type: FK CONSTRAINT; Schema: public; Owner: postgres
--

ALTER TABLE ONLY public.token_blacklist_outstandingtoken
    ADD CONSTRAINT token_blacklist_outs_user_id_83bc629a_fk_usuarios_ FOREIGN KEY (user_id) REFERENCES public.usuarios_usuario(id) DEFERRABLE INITIALLY DEFERRED;


--
-- Name: usuarios_donador usuarios_donador_usuario_id_14bb90ee_fk_usuarios_usuario_id; Type: FK CONSTRAINT; Schema: public; Owner: postgres
--

ALTER TABLE ONLY public.usuarios_donador
    ADD CONSTRAINT usuarios_donador_usuario_id_14bb90ee_fk_usuarios_usuario_id FOREIGN KEY (usuario_id) REFERENCES public.usuarios_usuario(id) DEFERRABLE INITIALLY DEFERRED;


--
-- Name: usuarios_receptor usuarios_receptor_usuario_id_83b923c1_fk_usuarios_usuario_id; Type: FK CONSTRAINT; Schema: public; Owner: postgres
--

ALTER TABLE ONLY public.usuarios_receptor
    ADD CONSTRAINT usuarios_receptor_usuario_id_83b923c1_fk_usuarios_usuario_id FOREIGN KEY (usuario_id) REFERENCES public.usuarios_usuario(id) DEFERRABLE INITIALLY DEFERRED;


--
-- Name: usuarios_usuario_groups usuarios_usuario_gro_usuario_id_7a34077f_fk_usuarios_; Type: FK CONSTRAINT; Schema: public; Owner: postgres
--

ALTER TABLE ONLY public.usuarios_usuario_groups
    ADD CONSTRAINT usuarios_usuario_gro_usuario_id_7a34077f_fk_usuarios_ FOREIGN KEY (usuario_id) REFERENCES public.usuarios_usuario(id) DEFERRABLE INITIALLY DEFERRED;


--
-- Name: usuarios_usuario_groups usuarios_usuario_groups_group_id_e77f6dcf_fk_auth_group_id; Type: FK CONSTRAINT; Schema: public; Owner: postgres
--

ALTER TABLE ONLY public.usuarios_usuario_groups
    ADD CONSTRAINT usuarios_usuario_groups_group_id_e77f6dcf_fk_auth_group_id FOREIGN KEY (group_id) REFERENCES public.auth_group(id) DEFERRABLE INITIALLY DEFERRED;


--
-- Name: usuarios_usuario usuarios_usuario_rol_id_b0d64932_fk_usuarios_rol_id; Type: FK CONSTRAINT; Schema: public; Owner: postgres
--

ALTER TABLE ONLY public.usuarios_usuario
    ADD CONSTRAINT usuarios_usuario_rol_id_b0d64932_fk_usuarios_rol_id FOREIGN KEY (rol_id) REFERENCES public.usuarios_rol(id) DEFERRABLE INITIALLY DEFERRED;


--
-- Name: usuarios_usuario_user_permissions usuarios_usuario_use_permission_id_4e5c0f2f_fk_auth_perm; Type: FK CONSTRAINT; Schema: public; Owner: postgres
--

ALTER TABLE ONLY public.usuarios_usuario_user_permissions
    ADD CONSTRAINT usuarios_usuario_use_permission_id_4e5c0f2f_fk_auth_perm FOREIGN KEY (permission_id) REFERENCES public.auth_permission(id) DEFERRABLE INITIALLY DEFERRED;


--
-- Name: usuarios_usuario_user_permissions usuarios_usuario_use_usuario_id_60aeea80_fk_usuarios_; Type: FK CONSTRAINT; Schema: public; Owner: postgres
--

ALTER TABLE ONLY public.usuarios_usuario_user_permissions
    ADD CONSTRAINT usuarios_usuario_use_usuario_id_60aeea80_fk_usuarios_ FOREIGN KEY (usuario_id) REFERENCES public.usuarios_usuario(id) DEFERRABLE INITIALLY DEFERRED;


--
-- Name: usuarios_voluntario usuarios_voluntario_usuario_id_126797aa_fk_usuarios_usuario_id; Type: FK CONSTRAINT; Schema: public; Owner: postgres
--

ALTER TABLE ONLY public.usuarios_voluntario
    ADD CONSTRAINT usuarios_voluntario_usuario_id_126797aa_fk_usuarios_usuario_id FOREIGN KEY (usuario_id) REFERENCES public.usuarios_usuario(id) DEFERRABLE INITIALLY DEFERRED;


--
-- Name: usuarios_voluntario usuarios_voluntario_zona_id_48b36375_fk_zonas_zona_id; Type: FK CONSTRAINT; Schema: public; Owner: postgres
--

ALTER TABLE ONLY public.usuarios_voluntario
    ADD CONSTRAINT usuarios_voluntario_zona_id_48b36375_fk_zonas_zona_id FOREIGN KEY (zona_id) REFERENCES public.zonas_zona(id) DEFERRABLE INITIALLY DEFERRED;


--
-- Name: zonas_ubicacion zonas_ubicacion_zona_id_00bc57c7_fk_zonas_zona_id; Type: FK CONSTRAINT; Schema: public; Owner: postgres
--

ALTER TABLE ONLY public.zonas_ubicacion
    ADD CONSTRAINT zonas_ubicacion_zona_id_00bc57c7_fk_zonas_zona_id FOREIGN KEY (zona_id) REFERENCES public.zonas_zona(id) DEFERRABLE INITIALLY DEFERRED;


--
-- PostgreSQL database dump complete
--

