--
-- PostgreSQL database dump
--

-- Dumped from database version 17.5
-- Dumped by pg_dump version 17.5

SET statement_timeout = 0;
SET lock_timeout = 0;
SET idle_in_transaction_session_timeout = 0;
SET transaction_timeout = 0;
SET client_encoding = 'UTF8';
SET standard_conforming_strings = on;
SELECT pg_catalog.set_config('search_path', '', false);
SET check_function_bodies = false;
SET xmloption = content;
SET client_min_messages = warning;
SET row_security = off;

SET default_tablespace = '';

SET default_table_access_method = heap;

--
-- Name: auth_group; Type: TABLE; Schema: public; Owner: postgres
--

CREATE TABLE public.auth_group (
    id integer NOT NULL,
    name character varying(150) NOT NULL
);


ALTER TABLE public.auth_group OWNER TO postgres;

--
-- Name: auth_group_id_seq; Type: SEQUENCE; Schema: public; Owner: postgres
--

ALTER TABLE public.auth_group ALTER COLUMN id ADD GENERATED BY DEFAULT AS IDENTITY (
    SEQUENCE NAME public.auth_group_id_seq
    START WITH 1
    INCREMENT BY 1
    NO MINVALUE
    NO MAXVALUE
    CACHE 1
);


--
-- Name: auth_group_permissions; Type: TABLE; Schema: public; Owner: postgres
--

CREATE TABLE public.auth_group_permissions (
    id bigint NOT NULL,
    group_id integer NOT NULL,
    permission_id integer NOT NULL
);


ALTER TABLE public.auth_group_permissions OWNER TO postgres;

--
-- Name: auth_group_permissions_id_seq; Type: SEQUENCE; Schema: public; Owner: postgres
--

ALTER TABLE public.auth_group_permissions ALTER COLUMN id ADD GENERATED BY DEFAULT AS IDENTITY (
    SEQUENCE NAME public.auth_group_permissions_id_seq
    START WITH 1
    INCREMENT BY 1
    NO MINVALUE
    NO MAXVALUE
    CACHE 1
);


--
-- Name: auth_permission; Type: TABLE; Schema: public; Owner: postgres
--

CREATE TABLE public.auth_permission (
    id integer NOT NULL,
    name character varying(255) NOT NULL,
    content_type_id integer NOT NULL,
    codename character varying(100) NOT NULL
);


ALTER TABLE public.auth_permission OWNER TO postgres;

--
-- Name: auth_permission_id_seq; Type: SEQUENCE; Schema: public; Owner: postgres
--

ALTER TABLE public.auth_permission ALTER COLUMN id ADD GENERATED BY DEFAULT AS IDENTITY (
    SEQUENCE NAME public.auth_permission_id_seq
    START WITH 1
    INCREMENT BY 1
    NO MINVALUE
    NO MAXVALUE
    CACHE 1
);


--
-- Name: django_admin_log; Type: TABLE; Schema: public; Owner: postgres
--

CREATE TABLE public.django_admin_log (
    id integer NOT NULL,
    action_time timestamp with time zone NOT NULL,
    object_id text,
    object_repr character varying(200) NOT NULL,
    action_flag smallint NOT NULL,
    change_message text NOT NULL,
    content_type_id integer,
    user_id bigint NOT NULL,
    CONSTRAINT django_admin_log_action_flag_check CHECK ((action_flag >= 0))
);


ALTER TABLE public.django_admin_log OWNER TO postgres;

--
-- Name: django_admin_log_id_seq; Type: SEQUENCE; Schema: public; Owner: postgres
--

ALTER TABLE public.django_admin_log ALTER COLUMN id ADD GENERATED BY DEFAULT AS IDENTITY (
    SEQUENCE NAME public.django_admin_log_id_seq
    START WITH 1
    INCREMENT BY 1
    NO MINVALUE
    NO MAXVALUE
    CACHE 1
);


--
-- Name: django_content_type; Type: TABLE; Schema: public; Owner: postgres
--

CREATE TABLE public.django_content_type (
    id integer NOT NULL,
    app_label character varying(100) NOT NULL,
    model character varying(100) NOT NULL
);


ALTER TABLE public.django_content_type OWNER TO postgres;

--
-- Name: django_content_type_id_seq; Type: SEQUENCE; Schema: public; Owner: postgres
--

ALTER TABLE public.django_content_type ALTER COLUMN id ADD GENERATED BY DEFAULT AS IDENTITY (
    SEQUENCE NAME public.django_content_type_id_seq
    START WITH 1
    INCREMENT BY 1
    NO MINVALUE
    NO MAXVALUE
    CACHE 1
);


--
-- Name: django_migrations; Type: TABLE; Schema: public; Owner: postgres
--

CREATE TABLE public.django_migrations (
    id bigint NOT NULL,
    app character varying(255) NOT NULL,
    name character varying(255) NOT NULL,
    applied timestamp with time zone NOT NULL
);


ALTER TABLE public.django_migrations OWNER TO postgres;

--
-- Name: django_migrations_id_seq; Type: SEQUENCE; Schema: public; Owner: postgres
--

ALTER TABLE public.django_migrations ALTER COLUMN id ADD GENERATED BY DEFAULT AS IDENTITY (
    SEQUENCE NAME public.django_migrations_id_seq
    START WITH 1
    INCREMENT BY 1
    NO MINVALUE
    NO MAXVALUE
    CACHE 1
);


--
-- Name: django_session; Type: TABLE; Schema: public; Owner: postgres
--

CREATE TABLE public.django_session (
    session_key character varying(40) NOT NULL,
    session_data text NOT NULL,
    expire_date timestamp with time zone NOT NULL
);


ALTER TABLE public.django_session OWNER TO postgres;

--
-- Name: token_blacklist_blacklistedtoken; Type: TABLE; Schema: public; Owner: postgres
--

CREATE TABLE public.token_blacklist_blacklistedtoken (
    id bigint NOT NULL,
    blacklisted_at timestamp with time zone NOT NULL,
    token_id bigint NOT NULL
);


ALTER TABLE public.token_blacklist_blacklistedtoken OWNER TO postgres;

--
-- Name: token_blacklist_blacklistedtoken_id_seq; Type: SEQUENCE; Schema: public; Owner: postgres
--

ALTER TABLE public.token_blacklist_blacklistedtoken ALTER COLUMN id ADD GENERATED BY DEFAULT AS IDENTITY (
    SEQUENCE NAME public.token_blacklist_blacklistedtoken_id_seq
    START WITH 1
    INCREMENT BY 1
    NO MINVALUE
    NO MAXVALUE
    CACHE 1
);


--
-- Name: token_blacklist_outstandingtoken; Type: TABLE; Schema: public; Owner: postgres
--

CREATE TABLE public.token_blacklist_outstandingtoken (
    id bigint NOT NULL,
    token text NOT NULL,
    created_at timestamp with time zone,
    expires_at timestamp with time zone NOT NULL,
    user_id bigint,
    jti character varying(255) NOT NULL
);


ALTER TABLE public.token_blacklist_outstandingtoken OWNER TO postgres;

--
-- Name: token_blacklist_outstandingtoken_id_seq; Type: SEQUENCE; Schema: public; Owner: postgres
--

ALTER TABLE public.token_blacklist_outstandingtoken ALTER COLUMN id ADD GENERATED BY DEFAULT AS IDENTITY (
    SEQUENCE NAME public.token_blacklist_outstandingtoken_id_seq
    START WITH 1
    INCREMENT BY 1
    NO MINVALUE
    NO MAXVALUE
    CACHE 1
);


--
-- Name: usuarios_administrador; Type: TABLE; Schema: public; Owner: postgres
--

CREATE TABLE public.usuarios_administrador (
    id bigint NOT NULL,
    nombre character varying(100) NOT NULL,
    correo character varying(254) NOT NULL,
    password character varying(255) NOT NULL,
    fecha_registro timestamp with time zone NOT NULL,
    activo boolean NOT NULL
);


ALTER TABLE public.usuarios_administrador OWNER TO postgres;

--
-- Name: usuarios_administrador_id_seq; Type: SEQUENCE; Schema: public; Owner: postgres
--

ALTER TABLE public.usuarios_administrador ALTER COLUMN id ADD GENERATED BY DEFAULT AS IDENTITY (
    SEQUENCE NAME public.usuarios_administrador_id_seq
    START WITH 1
    INCREMENT BY 1
    NO MINVALUE
    NO MAXVALUE
    CACHE 1
);


--
-- Name: usuarios_donador; Type: TABLE; Schema: public; Owner: postgres
--

CREATE TABLE public.usuarios_donador (
    id bigint NOT NULL,
    nombre_lugar character varying(100) NOT NULL,
    representante character varying(100) NOT NULL,
    telefono character varying(20) NOT NULL,
    descripcion text NOT NULL,
    horario_apertura time without time zone NOT NULL,
    horario_cierre time without time zone NOT NULL,
    usuario_id bigint NOT NULL
);


ALTER TABLE public.usuarios_donador OWNER TO postgres;

--
-- Name: usuarios_donador_id_seq; Type: SEQUENCE; Schema: public; Owner: postgres
--

ALTER TABLE public.usuarios_donador ALTER COLUMN id ADD GENERATED BY DEFAULT AS IDENTITY (
    SEQUENCE NAME public.usuarios_donador_id_seq
    START WITH 1
    INCREMENT BY 1
    NO MINVALUE
    NO MAXVALUE
    CACHE 1
);


--
-- Name: usuarios_logsistema; Type: TABLE; Schema: public; Owner: postgres
--

CREATE TABLE public.usuarios_logsistema (
    id bigint NOT NULL,
    fecha timestamp with time zone NOT NULL,
    usuario character varying(100),
    accion character varying(100) NOT NULL,
    detalle text NOT NULL
);


ALTER TABLE public.usuarios_logsistema OWNER TO postgres;

--
-- Name: usuarios_logsistema_id_seq; Type: SEQUENCE; Schema: public; Owner: postgres
--

ALTER TABLE public.usuarios_logsistema ALTER COLUMN id ADD GENERATED BY DEFAULT AS IDENTITY (
    SEQUENCE NAME public.usuarios_logsistema_id_seq
    START WITH 1
    INCREMENT BY 1
    NO MINVALUE
    NO MAXVALUE
    CACHE 1
);


--
-- Name: usuarios_receptor; Type: TABLE; Schema: public; Owner: postgres
--

CREATE TABLE public.usuarios_receptor (
    id bigint NOT NULL,
    nombre_lugar character varying(100) NOT NULL,
    encargado character varying(100) NOT NULL,
    telefono character varying(20) NOT NULL,
    direccion text NOT NULL,
    capacidad integer NOT NULL,
    horario_apertura time without time zone NOT NULL,
    horario_cierre time without time zone NOT NULL,
    usuario_id bigint NOT NULL
);


ALTER TABLE public.usuarios_receptor OWNER TO postgres;

--
-- Name: usuarios_receptor_id_seq; Type: SEQUENCE; Schema: public; Owner: postgres
--

ALTER TABLE public.usuarios_receptor ALTER COLUMN id ADD GENERATED BY DEFAULT AS IDENTITY (
    SEQUENCE NAME public.usuarios_receptor_id_seq
    START WITH 1
    INCREMENT BY 1
    NO MINVALUE
    NO MAXVALUE
    CACHE 1
);


--
-- Name: usuarios_rol; Type: TABLE; Schema: public; Owner: postgres
--

CREATE TABLE public.usuarios_rol (
    id bigint NOT NULL,
    nombre character varying(50) NOT NULL
);


ALTER TABLE public.usuarios_rol OWNER TO postgres;

--
-- Name: usuarios_rol_id_seq; Type: SEQUENCE; Schema: public; Owner: postgres
--

ALTER TABLE public.usuarios_rol ALTER COLUMN id ADD GENERATED BY DEFAULT AS IDENTITY (
    SEQUENCE NAME public.usuarios_rol_id_seq
    START WITH 1
    INCREMENT BY 1
    NO MINVALUE
    NO MAXVALUE
    CACHE 1
);


--
-- Name: usuarios_usuario; Type: TABLE; Schema: public; Owner: postgres
--

CREATE TABLE public.usuarios_usuario (
    id bigint NOT NULL,
    password character varying(128) NOT NULL,
    last_login timestamp with time zone,
    is_superuser boolean NOT NULL,
    nombre character varying(100) NOT NULL,
    correo character varying(254) NOT NULL,
    fecha_registro timestamp with time zone NOT NULL,
    activo boolean NOT NULL,
    is_staff boolean NOT NULL,
    is_active boolean NOT NULL,
    rol_id bigint NOT NULL
);


ALTER TABLE public.usuarios_usuario OWNER TO postgres;

--
-- Name: usuarios_usuario_groups; Type: TABLE; Schema: public; Owner: postgres
--

CREATE TABLE public.usuarios_usuario_groups (
    id bigint NOT NULL,
    usuario_id bigint NOT NULL,
    group_id integer NOT NULL
);


ALTER TABLE public.usuarios_usuario_groups OWNER TO postgres;

--
-- Name: usuarios_usuario_groups_id_seq; Type: SEQUENCE; Schema: public; Owner: postgres
--

ALTER TABLE public.usuarios_usuario_groups ALTER COLUMN id ADD GENERATED BY DEFAULT AS IDENTITY (
    SEQUENCE NAME public.usuarios_usuario_groups_id_seq
    START WITH 1
    INCREMENT BY 1
    NO MINVALUE
    NO MAXVALUE
    CACHE 1
);


--
-- Name: usuarios_usuario_id_seq; Type: SEQUENCE; Schema: public; Owner: postgres
--

ALTER TABLE public.usuarios_usuario ALTER COLUMN id ADD GENERATED BY DEFAULT AS IDENTITY (
    SEQUENCE NAME public.usuarios_usuario_id_seq
    START WITH 1
    INCREMENT BY 1
    NO MINVALUE
    NO MAXVALUE
    CACHE 1
);


--
-- Name: usuarios_usuario_user_permissions; Type: TABLE; Schema: public; Owner: postgres
--

CREATE TABLE public.usuarios_usuario_user_permissions (
    id bigint NOT NULL,
    usuario_id bigint NOT NULL,
    permission_id integer NOT NULL
);


ALTER TABLE public.usuarios_usuario_user_permissions OWNER TO postgres;

--
-- Name: usuarios_usuario_user_permissions_id_seq; Type: SEQUENCE; Schema: public; Owner: postgres
--

ALTER TABLE public.usuarios_usuario_user_permissions ALTER COLUMN id ADD GENERATED BY DEFAULT AS IDENTITY (
    SEQUENCE NAME public.usuarios_usuario_user_permissions_id_seq
    START WITH 1
    INCREMENT BY 1
    NO MINVALUE
    NO MAXVALUE
    CACHE 1
);


--
-- Name: usuarios_voluntario; Type: TABLE; Schema: public; Owner: postgres
--

CREATE TABLE public.usuarios_voluntario (
    id bigint NOT NULL,
    telefono character varying(20) NOT NULL,
    usuario_id bigint NOT NULL,
    zona_id bigint NOT NULL
);


ALTER TABLE public.usuarios_voluntario OWNER TO postgres;

--
-- Name: usuarios_voluntario_id_seq; Type: SEQUENCE; Schema: public; Owner: postgres
--

ALTER TABLE public.usuarios_voluntario ALTER COLUMN id ADD GENERATED BY DEFAULT AS IDENTITY (
    SEQUENCE NAME public.usuarios_voluntario_id_seq
    START WITH 1
    INCREMENT BY 1
    NO MINVALUE
    NO MAXVALUE
    CACHE 1
);


--
-- Name: zonas_ubicacion; Type: TABLE; Schema: public; Owner: postgres
--

CREATE TABLE public.zonas_ubicacion (
    id bigint NOT NULL,
    direccion text NOT NULL,
    latitud double precision NOT NULL,
    longitud double precision NOT NULL,
    zona_id bigint
);


ALTER TABLE public.zonas_ubicacion OWNER TO postgres;

--
-- Name: zonas_ubicacion_id_seq; Type: SEQUENCE; Schema: public; Owner: postgres
--

ALTER TABLE public.zonas_ubicacion ALTER COLUMN id ADD GENERATED BY DEFAULT AS IDENTITY (
    SEQUENCE NAME public.zonas_ubicacion_id_seq
    START WITH 1
    INCREMENT BY 1
    NO MINVALUE
    NO MAXVALUE
    CACHE 1
);


--
-- Name: zonas_zona; Type: TABLE; Schema: public; Owner: postgres
--

CREATE TABLE public.zonas_zona (
    id bigint NOT NULL,
    nombre character varying(100) NOT NULL,
    codigo_postal character varying(10) NOT NULL,
    ciudad character varying(100) NOT NULL,
    estado character varying(100) NOT NULL
);


ALTER TABLE public.zonas_zona OWNER TO postgres;

--
-- Name: zonas_zona_id_seq; Type: SEQUENCE; Schema: public; Owner: postgres
--

ALTER TABLE public.zonas_zona ALTER COLUMN id ADD GENERATED BY DEFAULT AS IDENTITY (
    SEQUENCE NAME public.zonas_zona_id_seq
    START WITH 1
    INCREMENT BY 1
    NO MINVALUE
    NO MAXVALUE
    CACHE 1
);


--
-- Data for Name: auth_group; Type: TABLE DATA; Schema: public; Owner: postgres
--

COPY public.auth_group (id, name) FROM stdin;
\.


--
-- Data for Name: auth_group_permissions; Type: TABLE DATA; Schema: public; Owner: postgres
--

COPY public.auth_group_permissions (id, group_id, permission_id) FROM stdin;
\.


--
-- Data for Name: auth_permission; Type: TABLE DATA; Schema: public; Owner: postgres
--

COPY public.auth_permission (id, name, content_type_id, codename) FROM stdin;
1	Can add log entry	1	add_logentry
2	Can change log entry	1	change_logentry
3	Can delete log entry	1	delete_logentry
4	Can view log entry	1	view_logentry
5	Can add permission	2	add_permission
6	Can change permission	2	change_permission
7	Can delete permission	2	delete_permission
8	Can view permission	2	view_permission
9	Can add group	3	add_group
10	Can change group	3	change_group
11	Can delete group	3	delete_group
12	Can view group	3	view_group
13	Can add content type	4	add_contenttype
14	Can change content type	4	change_contenttype
15	Can delete content type	4	delete_contenttype
16	Can view content type	4	view_contenttype
17	Can add session	5	add_session
18	Can change session	5	change_session
19	Can delete session	5	delete_session
20	Can view session	5	view_session
21	Can add comentario	6	add_comentario
22	Can change comentario	6	change_comentario
23	Can delete comentario	6	delete_comentario
24	Can view comentario	6	view_comentario
25	Can add estado donacion	7	add_estadodonacion
26	Can change estado donacion	7	change_estadodonacion
27	Can delete estado donacion	7	delete_estadodonacion
28	Can view estado donacion	7	view_estadodonacion
29	Can add categoria comida	8	add_categoriacomida
30	Can change categoria comida	8	change_categoriacomida
31	Can delete categoria comida	8	delete_categoriacomida
32	Can view categoria comida	8	view_categoriacomida
33	Can add archivo adjunto	9	add_archivoadjunto
34	Can change archivo adjunto	9	change_archivoadjunto
35	Can delete archivo adjunto	9	delete_archivoadjunto
36	Can view archivo adjunto	9	view_archivoadjunto
37	Can add comida	10	add_comida
38	Can change comida	10	change_comida
39	Can delete comida	10	delete_comida
40	Can view comida	10	view_comida
41	Can add sucursal	11	add_sucursal
42	Can change sucursal	11	change_sucursal
43	Can delete sucursal	11	delete_sucursal
44	Can view sucursal	11	view_sucursal
45	Can add publicacion	12	add_publicacion
46	Can change publicacion	12	change_publicacion
47	Can delete publicacion	12	delete_publicacion
48	Can view publicacion	12	view_publicacion
49	Can add notificacion	13	add_notificacion
50	Can change notificacion	13	change_notificacion
51	Can delete notificacion	13	delete_notificacion
52	Can view notificacion	13	view_notificacion
53	Can add solicitud	14	add_solicitud
54	Can change solicitud	14	change_solicitud
55	Can delete solicitud	14	delete_solicitud
56	Can view solicitud	14	view_solicitud
57	Can add historial donacion	15	add_historialdonacion
58	Can change historial donacion	15	change_historialdonacion
59	Can delete historial donacion	15	delete_historialdonacion
60	Can view historial donacion	15	view_historialdonacion
61	Can add administrador	16	add_administrador
62	Can change administrador	16	change_administrador
63	Can delete administrador	16	delete_administrador
64	Can view administrador	16	view_administrador
65	Can add log sistema	17	add_logsistema
66	Can change log sistema	17	change_logsistema
67	Can delete log sistema	17	delete_logsistema
68	Can view log sistema	17	view_logsistema
69	Can add rol	18	add_rol
70	Can change rol	18	change_rol
71	Can delete rol	18	delete_rol
72	Can view rol	18	view_rol
73	Can add usuario	19	add_usuario
74	Can change usuario	19	change_usuario
75	Can delete usuario	19	delete_usuario
76	Can view usuario	19	view_usuario
77	Can add donador	20	add_donador
78	Can change donador	20	change_donador
79	Can delete donador	20	delete_donador
80	Can view donador	20	view_donador
81	Can add receptor	21	add_receptor
82	Can change receptor	21	change_receptor
83	Can delete receptor	21	delete_receptor
84	Can view receptor	21	view_receptor
85	Can add voluntario	22	add_voluntario
86	Can change voluntario	22	change_voluntario
87	Can delete voluntario	22	delete_voluntario
88	Can view voluntario	22	view_voluntario
89	Can add zona	23	add_zona
90	Can change zona	23	change_zona
91	Can delete zona	23	delete_zona
92	Can view zona	23	view_zona
93	Can add ubicacion	24	add_ubicacion
94	Can change ubicacion	24	change_ubicacion
95	Can delete ubicacion	24	delete_ubicacion
96	Can view ubicacion	24	view_ubicacion
97	Can add Blacklisted Token	25	add_blacklistedtoken
98	Can change Blacklisted Token	25	change_blacklistedtoken
99	Can delete Blacklisted Token	25	delete_blacklistedtoken
100	Can view Blacklisted Token	25	view_blacklistedtoken
101	Can add Outstanding Token	26	add_outstandingtoken
102	Can change Outstanding Token	26	change_outstandingtoken
103	Can delete Outstanding Token	26	delete_outstandingtoken
104	Can view Outstanding Token	26	view_outstandingtoken
\.


--
-- Data for Name: django_admin_log; Type: TABLE DATA; Schema: public; Owner: postgres
--

COPY public.django_admin_log (id, action_time, object_id, object_repr, action_flag, change_message, content_type_id, user_id) FROM stdin;
\.


--
-- Data for Name: django_content_type; Type: TABLE DATA; Schema: public; Owner: postgres
--

COPY public.django_content_type (id, app_label, model) FROM stdin;
1	admin	logentry
2	auth	permission
3	auth	group
4	contenttypes	contenttype
5	sessions	session
6	comentarios	comentario
7	donaciones	estadodonacion
8	donaciones	categoriacomida
9	donaciones	archivoadjunto
10	donaciones	comida
11	donaciones	sucursal
12	donaciones	publicacion
13	notificaciones	notificacion
14	solicitudes	solicitud
15	solicitudes	historialdonacion
16	usuarios	administrador
17	usuarios	logsistema
18	usuarios	rol
19	usuarios	usuario
20	usuarios	donador
21	usuarios	receptor
22	usuarios	voluntario
23	zonas	zona
24	zonas	ubicacion
25	token_blacklist	blacklistedtoken
26	token_blacklist	outstandingtoken
\.


--
-- Data for Name: django_migrations; Type: TABLE DATA; Schema: public; Owner: postgres
--

COPY public.django_migrations (id, app, name, applied) FROM stdin;
1	zonas	0001_initial	2025-07-29 15:54:43.823659-07
2	contenttypes	0001_initial	2025-07-29 15:54:43.835096-07
3	contenttypes	0002_remove_content_type_name	2025-07-29 15:54:43.84763-07
4	auth	0001_initial	2025-07-29 15:54:43.883125-07
5	auth	0002_alter_permission_name_max_length	2025-07-29 15:54:43.887354-07
6	auth	0003_alter_user_email_max_length	2025-07-29 15:54:43.892688-07
7	auth	0004_alter_user_username_opts	2025-07-29 15:54:43.897158-07
8	auth	0005_alter_user_last_login_null	2025-07-29 15:54:43.902146-07
9	auth	0006_require_contenttypes_0002	2025-07-29 15:54:43.904081-07
10	auth	0007_alter_validators_add_error_messages	2025-07-29 15:54:43.908568-07
11	auth	0008_alter_user_username_max_length	2025-07-29 15:54:43.913733-07
12	auth	0009_alter_user_last_name_max_length	2025-07-29 15:54:43.918597-07
13	auth	0010_alter_group_name_max_length	2025-07-29 15:54:43.929618-07
14	auth	0011_update_proxy_permissions	2025-07-29 15:54:43.936542-07
15	auth	0012_alter_user_first_name_max_length	2025-07-29 15:54:43.941335-07
16	usuarios	0001_initial	2025-07-29 15:54:44.032518-07
17	admin	0001_initial	2025-07-29 15:54:44.054114-07
18	admin	0002_logentry_remove_auto_add	2025-07-29 15:54:44.063408-07
19	admin	0003_logentry_add_action_flag_choices	2025-07-29 15:54:44.070379-07
20	sessions	0001_initial	2025-07-29 15:54:44.080161-07
21	token_blacklist	0001_initial	2025-07-29 15:54:44.112601-07
22	token_blacklist	0002_outstandingtoken_jti_hex	2025-07-29 15:54:44.12031-07
23	token_blacklist	0003_auto_20171017_2007	2025-07-29 15:54:44.138035-07
24	token_blacklist	0004_auto_20171017_2013	2025-07-29 15:54:44.151774-07
25	token_blacklist	0005_remove_outstandingtoken_jti	2025-07-29 15:54:44.161819-07
26	token_blacklist	0006_auto_20171017_2113	2025-07-29 15:54:44.171216-07
27	token_blacklist	0007_auto_20171017_2214	2025-07-29 15:54:44.201161-07
28	token_blacklist	0008_migrate_to_bigautofield	2025-07-29 15:54:44.239227-07
29	token_blacklist	0010_fix_migrate_to_bigautofield	2025-07-29 15:54:44.260445-07
30	token_blacklist	0011_linearizes_history	2025-07-29 15:54:44.263311-07
31	token_blacklist	0012_alter_outstandingtoken_user	2025-07-29 15:54:44.272136-07
32	token_blacklist	0013_alter_blacklistedtoken_options_and_more	2025-07-29 15:54:44.287053-07
\.


--
-- Data for Name: django_session; Type: TABLE DATA; Schema: public; Owner: postgres
--

COPY public.django_session (session_key, session_data, expire_date) FROM stdin;
\.


--
-- Data for Name: token_blacklist_blacklistedtoken; Type: TABLE DATA; Schema: public; Owner: postgres
--

COPY public.token_blacklist_blacklistedtoken (id, blacklisted_at, token_id) FROM stdin;
\.


--
-- Data for Name: token_blacklist_outstandingtoken; Type: TABLE DATA; Schema: public; Owner: postgres
--

COPY public.token_blacklist_outstandingtoken (id, token, created_at, expires_at, user_id, jti) FROM stdin;
1	eyJhbGciOiJIUzI1NiIsInR5cCI6IkpXVCJ9.eyJ0b2tlbl90eXBlIjoicmVmcmVzaCIsImV4cCI6MTc1MzkxNzE4NiwiaWF0IjoxNzUzODMwNzg2LCJqdGkiOiI1OTA2YmEyYjcxMGI0OGI5ODRhMWRjNGM0NmNjY2FkOSIsInVzZXJfaWQiOiIxIn0.CIz5Sge-i9Ml876u6pCchKxjJQS7akco-xLMs62aciE	2025-07-29 16:13:06.290295-07	2025-07-30 16:13:06-07	1	5906ba2b710b48b984a1dc4c46cccad9
\.


--
-- Data for Name: usuarios_administrador; Type: TABLE DATA; Schema: public; Owner: postgres
--

COPY public.usuarios_administrador (id, nombre, correo, password, fecha_registro, activo) FROM stdin;
\.


--
-- Data for Name: usuarios_donador; Type: TABLE DATA; Schema: public; Owner: postgres
--

COPY public.usuarios_donador (id, nombre_lugar, representante, telefono, descripcion, horario_apertura, horario_cierre, usuario_id) FROM stdin;
1	restaurante_donador1	rep_donador1	1234567890	yvgbhj	08:00:00	20:00:00	1
\.


--
-- Data for Name: usuarios_logsistema; Type: TABLE DATA; Schema: public; Owner: postgres
--

COPY public.usuarios_logsistema (id, fecha, usuario, accion, detalle) FROM stdin;
1	2025-07-29 16:12:09.266448-07	sistema	Creación de donador	Se creó el donador "restaurante_donador1" con ID 1.
\.


--
-- Data for Name: usuarios_receptor; Type: TABLE DATA; Schema: public; Owner: postgres
--

COPY public.usuarios_receptor (id, nombre_lugar, encargado, telefono, direccion, capacidad, horario_apertura, horario_cierre, usuario_id) FROM stdin;
\.


--
-- Data for Name: usuarios_rol; Type: TABLE DATA; Schema: public; Owner: postgres
--

COPY public.usuarios_rol (id, nombre) FROM stdin;
1	Administrador
2	Donador
3	Refugio
4	Voluntario
\.


--
-- Data for Name: usuarios_usuario; Type: TABLE DATA; Schema: public; Owner: postgres
--

COPY public.usuarios_usuario (id, password, last_login, is_superuser, nombre, correo, fecha_registro, activo, is_staff, is_active, rol_id) FROM stdin;
1	pbkdf2_sha256$1000000$LfVAKK7SC4O5iOW7MGhEQK$UnYU0NBhGNClAshyoNzXjH8hFXVkW4/8AgxAICKvA4Q=	\N	f	restaurante1	restaurante1@gmail.com	2025-07-29 16:12:08.45681-07	t	f	t	2
\.


--
-- Data for Name: usuarios_usuario_groups; Type: TABLE DATA; Schema: public; Owner: postgres
--

COPY public.usuarios_usuario_groups (id, usuario_id, group_id) FROM stdin;
\.


--
-- Data for Name: usuarios_usuario_user_permissions; Type: TABLE DATA; Schema: public; Owner: postgres
--

COPY public.usuarios_usuario_user_permissions (id, usuario_id, permission_id) FROM stdin;
\.


--
-- Data for Name: usuarios_voluntario; Type: TABLE DATA; Schema: public; Owner: postgres
--

COPY public.usuarios_voluntario (id, telefono, usuario_id, zona_id) FROM stdin;
\.


--
-- Data for Name: zonas_ubicacion; Type: TABLE DATA; Schema: public; Owner: postgres
--

COPY public.zonas_ubicacion (id, direccion, latitud, longitud, zona_id) FROM stdin;
\.


--
-- Data for Name: zonas_zona; Type: TABLE DATA; Schema: public; Owner: postgres
--

COPY public.zonas_zona (id, nombre, codigo_postal, ciudad, estado) FROM stdin;
\.


--
-- Name: auth_group_id_seq; Type: SEQUENCE SET; Schema: public; Owner: postgres
--

SELECT pg_catalog.setval('public.auth_group_id_seq', 1, false);


--
-- Name: auth_group_permissions_id_seq; Type: SEQUENCE SET; Schema: public; Owner: postgres
--

SELECT pg_catalog.setval('public.auth_group_permissions_id_seq', 1, false);


--
-- Name: auth_permission_id_seq; Type: SEQUENCE SET; Schema: public; Owner: postgres
--

SELECT pg_catalog.setval('public.auth_permission_id_seq', 104, true);


--
-- Name: django_admin_log_id_seq; Type: SEQUENCE SET; Schema: public; Owner: postgres
--

SELECT pg_catalog.setval('public.django_admin_log_id_seq', 1, false);


--
-- Name: django_content_type_id_seq; Type: SEQUENCE SET; Schema: public; Owner: postgres
--

SELECT pg_catalog.setval('public.django_content_type_id_seq', 26, true);


--
-- Name: django_migrations_id_seq; Type: SEQUENCE SET; Schema: public; Owner: postgres
--

SELECT pg_catalog.setval('public.django_migrations_id_seq', 32, true);


--
-- Name: token_blacklist_blacklistedtoken_id_seq; Type: SEQUENCE SET; Schema: public; Owner: postgres
--

SELECT pg_catalog.setval('public.token_blacklist_blacklistedtoken_id_seq', 1, false);


--
-- Name: token_blacklist_outstandingtoken_id_seq; Type: SEQUENCE SET; Schema: public; Owner: postgres
--

SELECT pg_catalog.setval('public.token_blacklist_outstandingtoken_id_seq', 1, true);


--
-- Name: usuarios_administrador_id_seq; Type: SEQUENCE SET; Schema: public; Owner: postgres
--

SELECT pg_catalog.setval('public.usuarios_administrador_id_seq', 1, false);


--
-- Name: usuarios_donador_id_seq; Type: SEQUENCE SET; Schema: public; Owner: postgres
--

SELECT pg_catalog.setval('public.usuarios_donador_id_seq', 1, true);


--
-- Name: usuarios_logsistema_id_seq; Type: SEQUENCE SET; Schema: public; Owner: postgres
--

SELECT pg_catalog.setval('public.usuarios_logsistema_id_seq', 1, true);


--
-- Name: usuarios_receptor_id_seq; Type: SEQUENCE SET; Schema: public; Owner: postgres
--

SELECT pg_catalog.setval('public.usuarios_receptor_id_seq', 1, false);


--
-- Name: usuarios_rol_id_seq; Type: SEQUENCE SET; Schema: public; Owner: postgres
--

SELECT pg_catalog.setval('public.usuarios_rol_id_seq', 4, true);


--
-- Name: usuarios_usuario_groups_id_seq; Type: SEQUENCE SET; Schema: public; Owner: postgres
--

SELECT pg_catalog.setval('public.usuarios_usuario_groups_id_seq', 1, false);


--
-- Name: usuarios_usuario_id_seq; Type: SEQUENCE SET; Schema: public; Owner: postgres
--

SELECT pg_catalog.setval('public.usuarios_usuario_id_seq', 1, true);


--
-- Name: usuarios_usuario_user_permissions_id_seq; Type: SEQUENCE SET; Schema: public; Owner: postgres
--

SELECT pg_catalog.setval('public.usuarios_usuario_user_permissions_id_seq', 1, false);


--
-- Name: usuarios_voluntario_id_seq; Type: SEQUENCE SET; Schema: public; Owner: postgres
--

SELECT pg_catalog.setval('public.usuarios_voluntario_id_seq', 1, false);


--
-- Name: zonas_ubicacion_id_seq; Type: SEQUENCE SET; Schema: public; Owner: postgres
--

SELECT pg_catalog.setval('public.zonas_ubicacion_id_seq', 1, false);


--
-- Name: zonas_zona_id_seq; Type: SEQUENCE SET; Schema: public; Owner: postgres
--

SELECT pg_catalog.setval('public.zonas_zona_id_seq', 1, false);


--
-- Name: auth_group auth_group_name_key; Type: CONSTRAINT; Schema: public; Owner: postgres
--

ALTER TABLE ONLY public.auth_group
    ADD CONSTRAINT auth_group_name_key UNIQUE (name);


--
-- Name: auth_group_permissions auth_group_permissions_group_id_permission_id_0cd325b0_uniq; Type: CONSTRAINT; Schema: public; Owner: postgres
--

ALTER TABLE ONLY public.auth_group_permissions
    ADD CONSTRAINT auth_group_permissions_group_id_permission_id_0cd325b0_uniq UNIQUE (group_id, permission_id);


--
-- Name: auth_group_permissions auth_group_permissions_pkey; Type: CONSTRAINT; Schema: public; Owner: postgres
--

ALTER TABLE ONLY public.auth_group_permissions
    ADD CONSTRAINT auth_group_permissions_pkey PRIMARY KEY (id);


--
-- Name: auth_group auth_group_pkey; Type: CONSTRAINT; Schema: public; Owner: postgres
--

ALTER TABLE ONLY public.auth_group
    ADD CONSTRAINT auth_group_pkey PRIMARY KEY (id);


--
-- Name: auth_permission auth_permission_content_type_id_codename_01ab375a_uniq; Type: CONSTRAINT; Schema: public; Owner: postgres
--

ALTER TABLE ONLY public.auth_permission
    ADD CONSTRAINT auth_permission_content_type_id_codename_01ab375a_uniq UNIQUE (content_type_id, codename);


--
-- Name: auth_permission auth_permission_pkey; Type: CONSTRAINT; Schema: public; Owner: postgres
--

ALTER TABLE ONLY public.auth_permission
    ADD CONSTRAINT auth_permission_pkey PRIMARY KEY (id);


--
-- Name: django_admin_log django_admin_log_pkey; Type: CONSTRAINT; Schema: public; Owner: postgres
--

ALTER TABLE ONLY public.django_admin_log
    ADD CONSTRAINT django_admin_log_pkey PRIMARY KEY (id);


--
-- Name: django_content_type django_content_type_app_label_model_76bd3d3b_uniq; Type: CONSTRAINT; Schema: public; Owner: postgres
--

ALTER TABLE ONLY public.django_content_type
    ADD CONSTRAINT django_content_type_app_label_model_76bd3d3b_uniq UNIQUE (app_label, model);


--
-- Name: django_content_type django_content_type_pkey; Type: CONSTRAINT; Schema: public; Owner: postgres
--

ALTER TABLE ONLY public.django_content_type
    ADD CONSTRAINT django_content_type_pkey PRIMARY KEY (id);


--
-- Name: django_migrations django_migrations_pkey; Type: CONSTRAINT; Schema: public; Owner: postgres
--

ALTER TABLE ONLY public.django_migrations
    ADD CONSTRAINT django_migrations_pkey PRIMARY KEY (id);


--
-- Name: django_session django_session_pkey; Type: CONSTRAINT; Schema: public; Owner: postgres
--

ALTER TABLE ONLY public.django_session
    ADD CONSTRAINT django_session_pkey PRIMARY KEY (session_key);


--
-- Name: token_blacklist_blacklistedtoken token_blacklist_blacklistedtoken_pkey; Type: CONSTRAINT; Schema: public; Owner: postgres
--

ALTER TABLE ONLY public.token_blacklist_blacklistedtoken
    ADD CONSTRAINT token_blacklist_blacklistedtoken_pkey PRIMARY KEY (id);


--
-- Name: token_blacklist_blacklistedtoken token_blacklist_blacklistedtoken_token_id_key; Type: CONSTRAINT; Schema: public; Owner: postgres
--

ALTER TABLE ONLY public.token_blacklist_blacklistedtoken
    ADD CONSTRAINT token_blacklist_blacklistedtoken_token_id_key UNIQUE (token_id);


--
-- Name: token_blacklist_outstandingtoken token_blacklist_outstandingtoken_jti_hex_d9bdf6f7_uniq; Type: CONSTRAINT; Schema: public; Owner: postgres
--

ALTER TABLE ONLY public.token_blacklist_outstandingtoken
    ADD CONSTRAINT token_blacklist_outstandingtoken_jti_hex_d9bdf6f7_uniq UNIQUE (jti);


--
-- Name: token_blacklist_outstandingtoken token_blacklist_outstandingtoken_pkey; Type: CONSTRAINT; Schema: public; Owner: postgres
--

ALTER TABLE ONLY public.token_blacklist_outstandingtoken
    ADD CONSTRAINT token_blacklist_outstandingtoken_pkey PRIMARY KEY (id);


--
-- Name: usuarios_administrador usuarios_administrador_correo_key; Type: CONSTRAINT; Schema: public; Owner: postgres
--

ALTER TABLE ONLY public.usuarios_administrador
    ADD CONSTRAINT usuarios_administrador_correo_key UNIQUE (correo);


--
-- Name: usuarios_administrador usuarios_administrador_pkey; Type: CONSTRAINT; Schema: public; Owner: postgres
--

ALTER TABLE ONLY public.usuarios_administrador
    ADD CONSTRAINT usuarios_administrador_pkey PRIMARY KEY (id);


--
-- Name: usuarios_donador usuarios_donador_pkey; Type: CONSTRAINT; Schema: public; Owner: postgres
--

ALTER TABLE ONLY public.usuarios_donador
    ADD CONSTRAINT usuarios_donador_pkey PRIMARY KEY (id);


--
-- Name: usuarios_donador usuarios_donador_usuario_id_key; Type: CONSTRAINT; Schema: public; Owner: postgres
--

ALTER TABLE ONLY public.usuarios_donador
    ADD CONSTRAINT usuarios_donador_usuario_id_key UNIQUE (usuario_id);


--
-- Name: usuarios_logsistema usuarios_logsistema_pkey; Type: CONSTRAINT; Schema: public; Owner: postgres
--

ALTER TABLE ONLY public.usuarios_logsistema
    ADD CONSTRAINT usuarios_logsistema_pkey PRIMARY KEY (id);


--
-- Name: usuarios_receptor usuarios_receptor_pkey; Type: CONSTRAINT; Schema: public; Owner: postgres
--

ALTER TABLE ONLY public.usuarios_receptor
    ADD CONSTRAINT usuarios_receptor_pkey PRIMARY KEY (id);


--
-- Name: usuarios_receptor usuarios_receptor_usuario_id_key; Type: CONSTRAINT; Schema: public; Owner: postgres
--

ALTER TABLE ONLY public.usuarios_receptor
    ADD CONSTRAINT usuarios_receptor_usuario_id_key UNIQUE (usuario_id);


--
-- Name: usuarios_rol usuarios_rol_pkey; Type: CONSTRAINT; Schema: public; Owner: postgres
--

ALTER TABLE ONLY public.usuarios_rol
    ADD CONSTRAINT usuarios_rol_pkey PRIMARY KEY (id);


--
-- Name: usuarios_usuario usuarios_usuario_correo_key; Type: CONSTRAINT; Schema: public; Owner: postgres
--

ALTER TABLE ONLY public.usuarios_usuario
    ADD CONSTRAINT usuarios_usuario_correo_key UNIQUE (correo);


--
-- Name: usuarios_usuario_groups usuarios_usuario_groups_pkey; Type: CONSTRAINT; Schema: public; Owner: postgres
--

ALTER TABLE ONLY public.usuarios_usuario_groups
    ADD CONSTRAINT usuarios_usuario_groups_pkey PRIMARY KEY (id);


--
-- Name: usuarios_usuario_groups usuarios_usuario_groups_usuario_id_group_id_4ed5b09e_uniq; Type: CONSTRAINT; Schema: public; Owner: postgres
--

ALTER TABLE ONLY public.usuarios_usuario_groups
    ADD CONSTRAINT usuarios_usuario_groups_usuario_id_group_id_4ed5b09e_uniq UNIQUE (usuario_id, group_id);


--
-- Name: usuarios_usuario usuarios_usuario_pkey; Type: CONSTRAINT; Schema: public; Owner: postgres
--

ALTER TABLE ONLY public.usuarios_usuario
    ADD CONSTRAINT usuarios_usuario_pkey PRIMARY KEY (id);


--
-- Name: usuarios_usuario_user_permissions usuarios_usuario_user_pe_usuario_id_permission_id_217cadcd_uniq; Type: CONSTRAINT; Schema: public; Owner: postgres
--

ALTER TABLE ONLY public.usuarios_usuario_user_permissions
    ADD CONSTRAINT usuarios_usuario_user_pe_usuario_id_permission_id_217cadcd_uniq UNIQUE (usuario_id, permission_id);


--
-- Name: usuarios_usuario_user_permissions usuarios_usuario_user_permissions_pkey; Type: CONSTRAINT; Schema: public; Owner: postgres
--

ALTER TABLE ONLY public.usuarios_usuario_user_permissions
    ADD CONSTRAINT usuarios_usuario_user_permissions_pkey PRIMARY KEY (id);


--
-- Name: usuarios_voluntario usuarios_voluntario_pkey; Type: CONSTRAINT; Schema: public; Owner: postgres
--

ALTER TABLE ONLY public.usuarios_voluntario
    ADD CONSTRAINT usuarios_voluntario_pkey PRIMARY KEY (id);


--
-- Name: usuarios_voluntario usuarios_voluntario_usuario_id_key; Type: CONSTRAINT; Schema: public; Owner: postgres
--

ALTER TABLE ONLY public.usuarios_voluntario
    ADD CONSTRAINT usuarios_voluntario_usuario_id_key UNIQUE (usuario_id);


--
-- Name: zonas_ubicacion zonas_ubicacion_pkey; Type: CONSTRAINT; Schema: public; Owner: postgres
--

ALTER TABLE ONLY public.zonas_ubicacion
    ADD CONSTRAINT zonas_ubicacion_pkey PRIMARY KEY (id);


--
-- Name: zonas_zona zonas_zona_pkey; Type: CONSTRAINT; Schema: public; Owner: postgres
--

ALTER TABLE ONLY public.zonas_zona
    ADD CONSTRAINT zonas_zona_pkey PRIMARY KEY (id);


--
-- Name: auth_group_name_a6ea08ec_like; Type: INDEX; Schema: public; Owner: postgres
--

CREATE INDEX auth_group_name_a6ea08ec_like ON public.auth_group USING btree (name varchar_pattern_ops);


--
-- Name: auth_group_permissions_group_id_b120cbf9; Type: INDEX; Schema: public; Owner: postgres
--

CREATE INDEX auth_group_permissions_group_id_b120cbf9 ON public.auth_group_permissions USING btree (group_id);


--
-- Name: auth_group_permissions_permission_id_84c5c92e; Type: INDEX; Schema: public; Owner: postgres
--

CREATE INDEX auth_group_permissions_permission_id_84c5c92e ON public.auth_group_permissions USING btree (permission_id);


--
-- Name: auth_permission_content_type_id_2f476e4b; Type: INDEX; Schema: public; Owner: postgres
--

CREATE INDEX auth_permission_content_type_id_2f476e4b ON public.auth_permission USING btree (content_type_id);


--
-- Name: django_admin_log_content_type_id_c4bce8eb; Type: INDEX; Schema: public; Owner: postgres
--

CREATE INDEX django_admin_log_content_type_id_c4bce8eb ON public.django_admin_log USING btree (content_type_id);


--
-- Name: django_admin_log_user_id_c564eba6; Type: INDEX; Schema: public; Owner: postgres
--

CREATE INDEX django_admin_log_user_id_c564eba6 ON public.django_admin_log USING btree (user_id);


--
-- Name: django_session_expire_date_a5c62663; Type: INDEX; Schema: public; Owner: postgres
--

CREATE INDEX django_session_expire_date_a5c62663 ON public.django_session USING btree (expire_date);


--
-- Name: django_session_session_key_c0390e0f_like; Type: INDEX; Schema: public; Owner: postgres
--

CREATE INDEX django_session_session_key_c0390e0f_like ON public.django_session USING btree (session_key varchar_pattern_ops);


--
-- Name: token_blacklist_outstandingtoken_jti_hex_d9bdf6f7_like; Type: INDEX; Schema: public; Owner: postgres
--

CREATE INDEX token_blacklist_outstandingtoken_jti_hex_d9bdf6f7_like ON public.token_blacklist_outstandingtoken USING btree (jti varchar_pattern_ops);


--
-- Name: token_blacklist_outstandingtoken_user_id_83bc629a; Type: INDEX; Schema: public; Owner: postgres
--

CREATE INDEX token_blacklist_outstandingtoken_user_id_83bc629a ON public.token_blacklist_outstandingtoken USING btree (user_id);


--
-- Name: usuarios_administrador_correo_4586a813_like; Type: INDEX; Schema: public; Owner: postgres
--

CREATE INDEX usuarios_administrador_correo_4586a813_like ON public.usuarios_administrador USING btree (correo varchar_pattern_ops);


--
-- Name: usuarios_usuario_correo_80ace29b_like; Type: INDEX; Schema: public; Owner: postgres
--

CREATE INDEX usuarios_usuario_correo_80ace29b_like ON public.usuarios_usuario USING btree (correo varchar_pattern_ops);


--
-- Name: usuarios_usuario_groups_group_id_e77f6dcf; Type: INDEX; Schema: public; Owner: postgres
--

CREATE INDEX usuarios_usuario_groups_group_id_e77f6dcf ON public.usuarios_usuario_groups USING btree (group_id);


--
-- Name: usuarios_usuario_groups_usuario_id_7a34077f; Type: INDEX; Schema: public; Owner: postgres
--

CREATE INDEX usuarios_usuario_groups_usuario_id_7a34077f ON public.usuarios_usuario_groups USING btree (usuario_id);


--
-- Name: usuarios_usuario_rol_id_b0d64932; Type: INDEX; Schema: public; Owner: postgres
--

CREATE INDEX usuarios_usuario_rol_id_b0d64932 ON public.usuarios_usuario USING btree (rol_id);


--
-- Name: usuarios_usuario_user_permissions_permission_id_4e5c0f2f; Type: INDEX; Schema: public; Owner: postgres
--

CREATE INDEX usuarios_usuario_user_permissions_permission_id_4e5c0f2f ON public.usuarios_usuario_user_permissions USING btree (permission_id);


--
-- Name: usuarios_usuario_user_permissions_usuario_id_60aeea80; Type: INDEX; Schema: public; Owner: postgres
--

CREATE INDEX usuarios_usuario_user_permissions_usuario_id_60aeea80 ON public.usuarios_usuario_user_permissions USING btree (usuario_id);


--
-- Name: usuarios_voluntario_zona_id_48b36375; Type: INDEX; Schema: public; Owner: postgres
--

CREATE INDEX usuarios_voluntario_zona_id_48b36375 ON public.usuarios_voluntario USING btree (zona_id);


--
-- Name: zonas_ubicacion_zona_id_00bc57c7; Type: INDEX; Schema: public; Owner: postgres
--

CREATE INDEX zonas_ubicacion_zona_id_00bc57c7 ON public.zonas_ubicacion USING btree (zona_id);


--
-- Name: auth_group_permissions auth_group_permissio_permission_id_84c5c92e_fk_auth_perm; Type: FK CONSTRAINT; Schema: public; Owner: postgres
--

ALTER TABLE ONLY public.auth_group_permissions
    ADD CONSTRAINT auth_group_permissio_permission_id_84c5c92e_fk_auth_perm FOREIGN KEY (permission_id) REFERENCES public.auth_permission(id) DEFERRABLE INITIALLY DEFERRED;


--
-- Name: auth_group_permissions auth_group_permissions_group_id_b120cbf9_fk_auth_group_id; Type: FK CONSTRAINT; Schema: public; Owner: postgres
--

ALTER TABLE ONLY public.auth_group_permissions
    ADD CONSTRAINT auth_group_permissions_group_id_b120cbf9_fk_auth_group_id FOREIGN KEY (group_id) REFERENCES public.auth_group(id) DEFERRABLE INITIALLY DEFERRED;


--
-- Name: auth_permission auth_permission_content_type_id_2f476e4b_fk_django_co; Type: FK CONSTRAINT; Schema: public; Owner: postgres
--

ALTER TABLE ONLY public.auth_permission
    ADD CONSTRAINT auth_permission_content_type_id_2f476e4b_fk_django_co FOREIGN KEY (content_type_id) REFERENCES public.django_content_type(id) DEFERRABLE INITIALLY DEFERRED;


--
-- Name: django_admin_log django_admin_log_content_type_id_c4bce8eb_fk_django_co; Type: FK CONSTRAINT; Schema: public; Owner: postgres
--

ALTER TABLE ONLY public.django_admin_log
    ADD CONSTRAINT django_admin_log_content_type_id_c4bce8eb_fk_django_co FOREIGN KEY (content_type_id) REFERENCES public.django_content_type(id) DEFERRABLE INITIALLY DEFERRED;


--
-- Name: django_admin_log django_admin_log_user_id_c564eba6_fk_usuarios_usuario_id; Type: FK CONSTRAINT; Schema: public; Owner: postgres
--

ALTER TABLE ONLY public.django_admin_log
    ADD CONSTRAINT django_admin_log_user_id_c564eba6_fk_usuarios_usuario_id FOREIGN KEY (user_id) REFERENCES public.usuarios_usuario(id) DEFERRABLE INITIALLY DEFERRED;


--
-- Name: token_blacklist_blacklistedtoken token_blacklist_blacklistedtoken_token_id_3cc7fe56_fk; Type: FK CONSTRAINT; Schema: public; Owner: postgres
--

ALTER TABLE ONLY public.token_blacklist_blacklistedtoken
    ADD CONSTRAINT token_blacklist_blacklistedtoken_token_id_3cc7fe56_fk FOREIGN KEY (token_id) REFERENCES public.token_blacklist_outstandingtoken(id) DEFERRABLE INITIALLY DEFERRED;


--
-- Name: token_blacklist_outstandingtoken token_blacklist_outs_user_id_83bc629a_fk_usuarios_; Type: FK CONSTRAINT; Schema: public; Owner: postgres
--

ALTER TABLE ONLY public.token_blacklist_outstandingtoken
    ADD CONSTRAINT token_blacklist_outs_user_id_83bc629a_fk_usuarios_ FOREIGN KEY (user_id) REFERENCES public.usuarios_usuario(id) DEFERRABLE INITIALLY DEFERRED;


--
-- Name: usuarios_donador usuarios_donador_usuario_id_14bb90ee_fk_usuarios_usuario_id; Type: FK CONSTRAINT; Schema: public; Owner: postgres
--

ALTER TABLE ONLY public.usuarios_donador
    ADD CONSTRAINT usuarios_donador_usuario_id_14bb90ee_fk_usuarios_usuario_id FOREIGN KEY (usuario_id) REFERENCES public.usuarios_usuario(id) DEFERRABLE INITIALLY DEFERRED;


--
-- Name: usuarios_receptor usuarios_receptor_usuario_id_83b923c1_fk_usuarios_usuario_id; Type: FK CONSTRAINT; Schema: public; Owner: postgres
--

ALTER TABLE ONLY public.usuarios_receptor
    ADD CONSTRAINT usuarios_receptor_usuario_id_83b923c1_fk_usuarios_usuario_id FOREIGN KEY (usuario_id) REFERENCES public.usuarios_usuario(id) DEFERRABLE INITIALLY DEFERRED;


--
-- Name: usuarios_usuario_groups usuarios_usuario_gro_usuario_id_7a34077f_fk_usuarios_; Type: FK CONSTRAINT; Schema: public; Owner: postgres
--

ALTER TABLE ONLY public.usuarios_usuario_groups
    ADD CONSTRAINT usuarios_usuario_gro_usuario_id_7a34077f_fk_usuarios_ FOREIGN KEY (usuario_id) REFERENCES public.usuarios_usuario(id) DEFERRABLE INITIALLY DEFERRED;


--
-- Name: usuarios_usuario_groups usuarios_usuario_groups_group_id_e77f6dcf_fk_auth_group_id; Type: FK CONSTRAINT; Schema: public; Owner: postgres
--

ALTER TABLE ONLY public.usuarios_usuario_groups
    ADD CONSTRAINT usuarios_usuario_groups_group_id_e77f6dcf_fk_auth_group_id FOREIGN KEY (group_id) REFERENCES public.auth_group(id) DEFERRABLE INITIALLY DEFERRED;


--
-- Name: usuarios_usuario usuarios_usuario_rol_id_b0d64932_fk_usuarios_rol_id; Type: FK CONSTRAINT; Schema: public; Owner: postgres
--

ALTER TABLE ONLY public.usuarios_usuario
    ADD CONSTRAINT usuarios_usuario_rol_id_b0d64932_fk_usuarios_rol_id FOREIGN KEY (rol_id) REFERENCES public.usuarios_rol(id) DEFERRABLE INITIALLY DEFERRED;


--
-- Name: usuarios_usuario_user_permissions usuarios_usuario_use_permission_id_4e5c0f2f_fk_auth_perm; Type: FK CONSTRAINT; Schema: public; Owner: postgres
--

ALTER TABLE ONLY public.usuarios_usuario_user_permissions
    ADD CONSTRAINT usuarios_usuario_use_permission_id_4e5c0f2f_fk_auth_perm FOREIGN KEY (permission_id) REFERENCES public.auth_permission(id) DEFERRABLE INITIALLY DEFERRED;


--
-- Name: usuarios_usuario_user_permissions usuarios_usuario_use_usuario_id_60aeea80_fk_usuarios_; Type: FK CONSTRAINT; Schema: public; Owner: postgres
--

ALTER TABLE ONLY public.usuarios_usuario_user_permissions
    ADD CONSTRAINT usuarios_usuario_use_usuario_id_60aeea80_fk_usuarios_ FOREIGN KEY (usuario_id) REFERENCES public.usuarios_usuario(id) DEFERRABLE INITIALLY DEFERRED;


--
-- Name: usuarios_voluntario usuarios_voluntario_usuario_id_126797aa_fk_usuarios_usuario_id; Type: FK CONSTRAINT; Schema: public; Owner: postgres
--

ALTER TABLE ONLY public.usuarios_voluntario
    ADD CONSTRAINT usuarios_voluntario_usuario_id_126797aa_fk_usuarios_usuario_id FOREIGN KEY (usuario_id) REFERENCES public.usuarios_usuario(id) DEFERRABLE INITIALLY DEFERRED;


--
-- Name: usuarios_voluntario usuarios_voluntario_zona_id_48b36375_fk_zonas_zona_id; Type: FK CONSTRAINT; Schema: public; Owner: postgres
--

ALTER TABLE ONLY public.usuarios_voluntario
    ADD CONSTRAINT usuarios_voluntario_zona_id_48b36375_fk_zonas_zona_id FOREIGN KEY (zona_id) REFERENCES public.zonas_zona(id) DEFERRABLE INITIALLY DEFERRED;


--
-- Name: zonas_ubicacion zonas_ubicacion_zona_id_00bc57c7_fk_zonas_zona_id; Type: FK CONSTRAINT; Schema: public; Owner: postgres
--

ALTER TABLE ONLY public.zonas_ubicacion
    ADD CONSTRAINT zonas_ubicacion_zona_id_00bc57c7_fk_zonas_zona_id FOREIGN KEY (zona_id) REFERENCES public.zonas_zona(id) DEFERRABLE INITIALLY DEFERRED;


--
-- PostgreSQL database dump complete
--

